CU_ID,CU_Name,Species,Year,SpnForAbd_Total,SpnForTrend_Total,SpnForAbd_Wild,SpnForTrend_Wild,Recruits_Wild,Recruits_Total,Abd_StartYr,UseYear,Group,New_Group
Case1,Sockeye_CU_A,Sockeye,1950,3597.1268,1917,3597.1268,1917,45539,45539,1950,TRUE,SK-Fraser_Esum,Sk-Southern
Case1,Sockeye_CU_A,Sockeye,1951,6770.2656,3364,6770.2656,3364,47645,47645,1950,TRUE,SK-Fraser_Esum,Sk-Southern
Case1,Sockeye_CU_A,Sockeye,1952,10354.071,5116,10354.071,5116,51177,51177,1950,TRUE,SK-Fraser_Esum,Sk-Southern
Case1,Sockeye_CU_A,Sockeye,1953,6259.968,3600,6259.968,3600,32124,32124,1950,TRUE,SK-Fraser_Esum,Sk-Southern
Case1,Sockeye_CU_A,Sockeye,1954,9918.084,5352,9918.084,5352,50257,50257,1950,TRUE,SK-Fraser_Esum,Sk-Southern
Case1,Sockeye_CU_A,Sockeye,1955,4657.443,2905,4657.443,2905,60357,60357,1950,TRUE,SK-Fraser_Esum,Sk-Southern
Case1,Sockeye_CU_A,Sockeye,1956,8476.706,5179,8476.706,5179,25364,25364,1950,TRUE,SK-Fraser_Esum,Sk-Southern
Case1,Sockeye_CU_A,Sockeye,1957,6811.98,3314,6811.98,3314,20943,20943,1950,TRUE,SK-Fraser_Esum,Sk-Southern
Case1,Sockeye_CU_A,Sockeye,1958,10111.86,6235,10111.86,6235,23103,23103,1950,TRUE,SK-Fraser_Esum,Sk-Southern
Case1,Sockeye_CU_A,Sockeye,1959,9825.083,5232,9825.083,5232,23584,23584,1950,TRUE,SK-Fraser_Esum,Sk-Southern
Case1,Sockeye_CU_A,Sockeye,1960,5242.863,2252,5242.863,2252,16764,16764,1950,TRUE,SK-Fraser_Esum,Sk-Southern
Case1,Sockeye_CU_A,Sockeye,1961,5477.043,3014,5477.043,3014,24293,24293,1950,TRUE,SK-Fraser_Esum,Sk-Southern
Case1,Sockeye_CU_A,Sockeye,1962,7212.5562,4197,7212.5562,4197,40549,40549,1950,TRUE,SK-Fraser_Esum,Sk-Southern
Case1,Sockeye_CU_A,Sockeye,1963,4931.944,2693,4931.944,2693,9355,9355,1950,TRUE,SK-Fraser_Esum,Sk-Southern
Case1,Sockeye_CU_A,Sockeye,1964,4959.566,2666,4959.566,2666,48511,48511,1950,TRUE,SK-Fraser_Esum,Sk-Southern
Case1,Sockeye_CU_A,Sockeye,1965,4327.4592,2669,4327.4592,2669,20553,20553,1950,TRUE,SK-Fraser_Esum,Sk-Southern
Case1,Sockeye_CU_A,Sockeye,1966,5492.8468,2666,5492.8468,2666,23219,23219,1950,TRUE,SK-Fraser_Esum,Sk-Southern
Case1,Sockeye_CU_A,Sockeye,1967,641.0348,358,641.0348,358,9621,9621,1950,TRUE,SK-Fraser_Esum,Sk-Southern
Case1,Sockeye_CU_A,Sockeye,1968,7506.592,3455,7506.592,3455,106299,106299,1950,TRUE,SK-Fraser_Esum,Sk-Southern
Case1,Sockeye_CU_A,Sockeye,1969,4851.5194,2577,4851.5194,2577,13989,13989,1950,TRUE,SK-Fraser_Esum,Sk-Southern
Case1,Sockeye_CU_A,Sockeye,1970,2206.459,1205,2206.459,1205,8823,8823,1950,TRUE,SK-Fraser_Esum,Sk-Southern
Case1,Sockeye_CU_A,Sockeye,1971,422.127,223,422.127,223,11686,11686,1950,TRUE,SK-Fraser_Esum,Sk-Southern
Case1,Sockeye_CU_A,Sockeye,1972,7916.9968,4507,7916.9968,4507,57734,57734,1950,TRUE,SK-Fraser_Esum,Sk-Southern
Case1,Sockeye_CU_A,Sockeye,1973,2425.7732,1345,2425.7732,1345,9339,9339,1950,TRUE,SK-Fraser_Esum,Sk-Southern
Case1,Sockeye_CU_A,Sockeye,1974,2342.7273,1479,2342.7273,1479,12017,12017,1950,TRUE,SK-Fraser_Esum,Sk-Southern
Case1,Sockeye_CU_A,Sockeye,1975,2542.2096,1391,2542.2096,1391,6429,6429,1950,TRUE,SK-Fraser_Esum,Sk-Southern
Case1,Sockeye_CU_A,Sockeye,1976,8628.607,3976,8628.607,3976,19870,19870,1950,TRUE,SK-Fraser_Esum,Sk-Southern
Case1,Sockeye_CU_A,Sockeye,1977,359.8961,198,359.8961,198,5917,5917,1950,TRUE,SK-Fraser_Esum,Sk-Southern
Case1,Sockeye_CU_A,Sockeye,1978,2493,1343,2493,1343,18450,18450,1950,TRUE,SK-Fraser_Esum,Sk-Southern
Case1,Sockeye_CU_A,Sockeye,1979,1472.8524,693,1472.8524,693,3039,3039,1950,TRUE,SK-Fraser_Esum,Sk-Southern
Case1,Sockeye_CU_A,Sockeye,1980,5118.9264,2056,5118.9264,2056,51611,51611,1950,TRUE,SK-Fraser_Esum,Sk-Southern
Case1,Sockeye_CU_A,Sockeye,1981,639.2045,312,639.2045,312,8610,8610,1950,TRUE,SK-Fraser_Esum,Sk-Southern
Case1,Sockeye_CU_A,Sockeye,1982,2992,1533,2992,1533,3742,3742,1950,TRUE,SK-Fraser_Esum,Sk-Southern
Case1,Sockeye_CU_A,Sockeye,1983,2780,1821,2780,1821,4051,4051,1950,TRUE,SK-Fraser_Esum,Sk-Southern
Case1,Sockeye_CU_A,Sockeye,1984,14408.0214,6701,14408.0214,6701,46730,46730,1950,TRUE,SK-Fraser_Esum,Sk-Southern
Case1,Sockeye_CU_A,Sockeye,1985,3265.4688,1922,3265.4688,1922,4421,4421,1950,TRUE,SK-Fraser_Esum,Sk-Southern
Case1,Sockeye_CU_A,Sockeye,1986,2041.5775,1080,2041.5775,1080,3013,3013,1950,TRUE,SK-Fraser_Esum,Sk-Southern
Case1,Sockeye_CU_A,Sockeye,1987,1387.4632,723,1387.4632,723,3820,3820,1950,TRUE,SK-Fraser_Esum,Sk-Southern
Case1,Sockeye_CU_A,Sockeye,1988,19013.2878,9207,19013.2878,9207,50087,50087,1950,TRUE,SK-Fraser_Esum,Sk-Southern
Case1,Sockeye_CU_A,Sockeye,1989,1634.9769,925,1634.9769,925,11292,11292,1950,TRUE,SK-Fraser_Esum,Sk-Southern
Case1,Sockeye_CU_A,Sockeye,1990,630,412,630,412,2544,2544,1950,TRUE,SK-Fraser_Esum,Sk-Southern
Case1,Sockeye_CU_A,Sockeye,1991,464,264,464,264,1461,1461,1950,TRUE,SK-Fraser_Esum,Sk-Southern
Case1,Sockeye_CU_A,Sockeye,1992,8224.4696,4112,8224.4696,4112,67345,67345,1950,TRUE,SK-Fraser_Esum,Sk-Southern
Case1,Sockeye_CU_A,Sockeye,1993,5036.4013,2934,5036.4013,2934,33113,33113,1950,TRUE,SK-Fraser_Esum,Sk-Southern
Case1,Sockeye_CU_A,Sockeye,1994,1641.4656,800,1641.4656,800,27483,27483,1950,TRUE,SK-Fraser_Esum,Sk-Southern
Case1,Sockeye_CU_A,Sockeye,1995,1021.28,682,1021.28,682,27229,27229,1950,TRUE,SK-Fraser_Esum,Sk-Southern
Case1,Sockeye_CU_A,Sockeye,1996,39612.5184,21381,39612.5184,21381,111999,111999,1950,TRUE,SK-Fraser_Esum,Sk-Southern
Case1,Sockeye_CU_A,Sockeye,1997,5024.2878,2367,5024.2878,2367,51264,51264,1950,TRUE,SK-Fraser_Esum,Sk-Southern
Case1,Sockeye_CU_A,Sockeye,1998,6746.6854,3585,6746.6854,3585,16230,16230,1950,TRUE,SK-Fraser_Esum,Sk-Southern
Case1,Sockeye_CU_A,Sockeye,1999,6676.1114,3499,6676.1114,3499,61057,61057,1950,TRUE,SK-Fraser_Esum,Sk-Southern
Case1,Sockeye_CU_A,Sockeye,2000,57395.6136,27668,57395.6136,27668,115343,115343,1950,TRUE,SK-Fraser_Esum,Sk-Southern
Case1,Sockeye_CU_A,Sockeye,2001,30015.1528,16025,30015.1528,16025,95700,95700,1950,TRUE,SK-Fraser_Esum,Sk-Southern
Case1,Sockeye_CU_A,Sockeye,2002,17755.4754,8402,17755.4754,8402,42788,42788,1950,TRUE,SK-Fraser_Esum,Sk-Southern
Case1,Sockeye_CU_A,Sockeye,2003,9458.684,4890,9458.684,4890,8369,8369,1950,TRUE,SK-Fraser_Esum,Sk-Southern
Case1,Sockeye_CU_A,Sockeye,2004,5580.1395,3244,5580.1395,3244,47985,47985,1950,TRUE,SK-Fraser_Esum,Sk-Southern
Case1,Sockeye_CU_A,Sockeye,2005,26400.4424,16967,26400.4424,16967,8895,8895,1950,TRUE,SK-Fraser_Esum,Sk-Southern
Case1,Sockeye_CU_A,Sockeye,2006,5977.6539,3442,5977.6539,3442,16829,16829,1950,TRUE,SK-Fraser_Esum,Sk-Southern
Case1,Sockeye_CU_A,Sockeye,2007,13813.3272,8064,13813.3272,8064,10715,10715,1950,TRUE,SK-Fraser_Esum,Sk-Southern
Case1,Sockeye_CU_A,Sockeye,2008,7285.2406,3562,7285.2406,3562,18576,18576,1950,TRUE,SK-Fraser_Esum,Sk-Southern
Case1,Sockeye_CU_A,Sockeye,2009,11098.2984,6039,11098.2984,6039,35109,35109,1950,TRUE,SK-Fraser_Esum,Sk-Southern
Case1,Sockeye_CU_A,Sockeye,2010,4607.1,2389,4607.1,2389,43534,43534,1950,TRUE,SK-Fraser_Esum,Sk-Southern
Case1,Sockeye_CU_A,Sockeye,2011,8054.4556,4430,8054.4556,4430,23260,23260,1950,TRUE,SK-Fraser_Esum,Sk-Southern
Case1,Sockeye_CU_A,Sockeye,2012,3217.9651,1710,3217.9651,1710,21033,21033,1950,TRUE,SK-Fraser_Esum,Sk-Southern
Case1,Sockeye_CU_A,Sockeye,2013,15834.4032,9045,15834.4032,9045,5307,5307,1950,TRUE,SK-Fraser_Esum,Sk-Southern
Case1,Sockeye_CU_A,Sockeye,2014,16656.1734,9471,16656.1734,9471,12122,12122,1950,TRUE,SK-Fraser_Esum,Sk-Southern
Case1,Sockeye_CU_A,Sockeye,2015,15591.6448,8794,15591.6448,8794,1612,1612,1950,TRUE,SK-Fraser_Esum,Sk-Southern
Case1,Sockeye_CU_A,Sockeye,2016,6662.6166,3753,6662.6166,3753,8342,8342,1950,TRUE,SK-Fraser_Esum,Sk-Southern
Case1,Sockeye_CU_A,Sockeye,2017,3933.436,2269,3933.436,2269,6667,6667,1950,TRUE,SK-Fraser_Esum,Sk-Southern
Case1,Sockeye_CU_A,Sockeye,2018,3361.484,1756,3361.484,1756,6253,6253,1950,TRUE,SK-Fraser_Esum,Sk-Southern
Case1,Sockeye_CU_A,Sockeye,2019,609.5293,362,609.5293,362,NA,NA,1950,TRUE,SK-Fraser_Esum,Sk-Southern
Case1,Sockeye_CU_A,Sockeye,2020,4959.7973,2722,4959.7973,2722,NA,NA,1950,TRUE,SK-Fraser_Esum,Sk-Southern
Case1,Sockeye_CU_A,Sockeye,2021,3288.425,1555,3288.425,1555,NA,NA,1950,TRUE,SK-Fraser_Esum,Sk-Southern
Case1,Sockeye_CU_A,Sockeye,2022,3667.112,1781,3667.112,1781,NA,NA,1950,TRUE,SK-Fraser_Esum,Sk-Southern
Case1,Sockeye_CU_A,Sockeye,2023,NA,NA,NA,NA,NA,NA,1950,TRUE,SK-Fraser_Esum,Sk-Southern
Case2,Sockeye_CU_B,Sockeye,1950,15141.0384,6555,15141.0384,6555,187983,187983,1950,TRUE,SK-Fraser_Sum,Sk-Southern
Case2,Sockeye_CU_B,Sockeye,1951,99134.8632,57563,99134.8632,57563,665674,665674,1950,TRUE,SK-Fraser_Sum,Sk-Southern
Case2,Sockeye_CU_B,Sockeye,1952,434112.99,233628,434112.99,233628,1799904,1799904,1950,TRUE,SK-Fraser_Sum,Sk-Southern
Case2,Sockeye_CU_B,Sockeye,1953,173397.024,94471,173397.024,94471,528558,528558,1950,TRUE,SK-Fraser_Sum,Sk-Southern
Case2,Sockeye_CU_B,Sockeye,1954,33370.008,21247,33370.008,21247,636547,636547,1950,TRUE,SK-Fraser_Sum,Sk-Southern
Case2,Sockeye_CU_B,Sockeye,1955,114018.147,75834,114018.147,75834,1438974,1438974,1950,TRUE,SK-Fraser_Sum,Sk-Southern
Case2,Sockeye_CU_B,Sockeye,1956,617148.324,368607,617148.324,368607,2396538,2396538,1950,TRUE,SK-Fraser_Sum,Sk-Southern
Case2,Sockeye_CU_B,Sockeye,1957,137827.0656,83128,137827.0656,83128,120511,120511,1950,TRUE,SK-Fraser_Sum,Sk-Southern
Case2,Sockeye_CU_B,Sockeye,1958,119983.896,70433,119983.896,70433,291933,291933,1950,TRUE,SK-Fraser_Sum,Sk-Southern
Case2,Sockeye_CU_B,Sockeye,1959,462226.492,272891,462226.492,272891,2099156,2099156,1950,TRUE,SK-Fraser_Sum,Sk-Southern
Case2,Sockeye_CU_B,Sockeye,1960,422280.54,244864,422280.54,244864,964857,964857,1950,TRUE,SK-Fraser_Sum,Sk-Southern
Case2,Sockeye_CU_B,Sockeye,1961,24930.7976,15038,24930.7976,15038,64296,64296,1950,TRUE,SK-Fraser_Sum,Sk-Southern
Case2,Sockeye_CU_B,Sockeye,1962,66133.763,42125,66133.763,42125,974191,974191,1950,TRUE,SK-Fraser_Sum,Sk-Southern
Case2,Sockeye_CU_B,Sockeye,1963,105113.7243,57207,105113.7243,57207,1116906,1116906,1950,TRUE,SK-Fraser_Sum,Sk-Southern
Case2,Sockeye_CU_B,Sockeye,1964,233125.3248,131590,233125.3248,131590,1874731,1874731,1950,TRUE,SK-Fraser_Sum,Sk-Southern
Case2,Sockeye_CU_B,Sockeye,1965,31918.1055,20813,31918.1055,20813,140915,140915,1950,TRUE,SK-Fraser_Sum,Sk-Southern
Case2,Sockeye_CU_B,Sockeye,1966,196538.7744,107541,196538.7744,107541,772105,772105,1950,TRUE,SK-Fraser_Sum,Sk-Southern
Case2,Sockeye_CU_B,Sockeye,1967,153941.3865,90006,153941.3865,90006,1956680,1956680,1950,TRUE,SK-Fraser_Sum,Sk-Southern
Case2,Sockeye_CU_B,Sockeye,1968,312879.672,181912,312879.672,181912,2371300,2371300,1950,TRUE,SK-Fraser_Sum,Sk-Southern
Case2,Sockeye_CU_B,Sockeye,1969,42661.7334,25519,42661.7334,25519,385793,385793,1950,TRUE,SK-Fraser_Sum,Sk-Southern
Case2,Sockeye_CU_B,Sockeye,1970,95881.7816,50923,95881.7816,50923,631130,631130,1950,TRUE,SK-Fraser_Sum,Sk-Southern
Case2,Sockeye_CU_B,Sockeye,1971,143249.9809,97365,143249.9809,97365,740253,740253,1950,TRUE,SK-Fraser_Sum,Sk-Southern
Case2,Sockeye_CU_B,Sockeye,1972,553477.029,332353,553477.029,332353,1981889,1981889,1950,TRUE,SK-Fraser_Sum,Sk-Southern
Case2,Sockeye_CU_B,Sockeye,1973,54489.1225,30231,54489.1225,30231,207582,207582,1950,TRUE,SK-Fraser_Sum,Sk-Southern
Case2,Sockeye_CU_B,Sockeye,1974,106254.1974,71127,106254.1974,71127,645809,645809,1950,TRUE,SK-Fraser_Sum,Sk-Southern
Case2,Sockeye_CU_B,Sockeye,1975,172614.4438,133782,172614.4438,133782,1396383,1396383,1950,TRUE,SK-Fraser_Sum,Sk-Southern
Case2,Sockeye_CU_B,Sockeye,1976,355457.5152,228326,355457.5152,228326,1676112,1676112,1950,TRUE,SK-Fraser_Sum,Sk-Southern
Case2,Sockeye_CU_B,Sockeye,1977,34033.293,20385,34033.293,20385,193270,193270,1950,TRUE,SK-Fraser_Sum,Sk-Southern
Case2,Sockeye_CU_B,Sockeye,1978,142699.3302,85570,142699.3302,85570,1246777,1246777,1950,TRUE,SK-Fraser_Sum,Sk-Southern
Case2,Sockeye_CU_B,Sockeye,1979,205417.5456,147920,205417.5456,147920,1687672,1687672,1950,TRUE,SK-Fraser_Sum,Sk-Southern
Case2,Sockeye_CU_B,Sockeye,1980,432866.4436,293234,432866.4436,293234,4394455,4394455,1950,TRUE,SK-Fraser_Sum,Sk-Southern
Case2,Sockeye_CU_B,Sockeye,1981,32185.012,20164,32185.012,20164,185203,185203,1950,TRUE,SK-Fraser_Sum,Sk-Southern
Case2,Sockeye_CU_B,Sockeye,1982,232226.104,142515,232226.104,142515,1487694,1487694,1950,TRUE,SK-Fraser_Sum,Sk-Southern
Case2,Sockeye_CU_B,Sockeye,1983,308215.764,213715,308215.764,213715,1753748,1753748,1950,TRUE,SK-Fraser_Sum,Sk-Southern
Case2,Sockeye_CU_B,Sockeye,1984,435418.516,283152,435418.516,283152,503604,503604,1950,TRUE,SK-Fraser_Sum,Sk-Southern
Case2,Sockeye_CU_B,Sockeye,1985,70734.937,34979,70734.937,34979,550437,550437,1950,TRUE,SK-Fraser_Sum,Sk-Southern
Case2,Sockeye_CU_B,Sockeye,1986,264723.8545,165504,264723.8545,165504,4692771,4692771,1950,TRUE,SK-Fraser_Sum,Sk-Southern
Case2,Sockeye_CU_B,Sockeye,1987,221894.4861,268111,221894.4861,268111,4349335,4349335,1950,TRUE,SK-Fraser_Sum,Sk-Southern
Case2,Sockeye_CU_B,Sockeye,1988,247586.2744,206206,247586.2744,206206,3137460,3137460,1950,TRUE,SK-Fraser_Sum,Sk-Southern
Case2,Sockeye_CU_B,Sockeye,1989,52069.1158,42811,52069.1158,42811,3101966,3101966,1950,TRUE,SK-Fraser_Sum,Sk-Southern
Case2,Sockeye_CU_B,Sockeye,1990,807878.9824,497991,807878.9824,497991,2591261,2591261,1950,TRUE,SK-Fraser_Sum,Sk-Southern
Case2,Sockeye_CU_B,Sockeye,1991,1004396.9698,597537,1004396.9698,597537,1255045,1255045,1950,TRUE,SK-Fraser_Sum,Sk-Southern
Case2,Sockeye_CU_B,Sockeye,1992,510164.0177,319959,510164.0177,319959,1852267,1852267,1950,TRUE,SK-Fraser_Sum,Sk-Southern
Case2,Sockeye_CU_B,Sockeye,1993,551561.6067,322298,551561.6067,322298,3929559,3929559,1950,TRUE,SK-Fraser_Sum,Sk-Southern
Case2,Sockeye_CU_B,Sockeye,1994,436507.675,253976,436507.675,253976,1404652,1404652,1950,TRUE,SK-Fraser_Sum,Sk-Southern
Case2,Sockeye_CU_B,Sockeye,1995,507892.6072,298027,507892.6072,298027,1224320,1224320,1950,TRUE,SK-Fraser_Sum,Sk-Southern
Case2,Sockeye_CU_B,Sockeye,1996,923666.585,504469,923666.585,504469,1335165,1335165,1950,TRUE,SK-Fraser_Sum,Sk-Southern
Case2,Sockeye_CU_B,Sockeye,1997,901632.4124,509298,901632.4124,509298,868494,868494,1950,TRUE,SK-Fraser_Sum,Sk-Southern
Case2,Sockeye_CU_B,Sockeye,1998,803415.14,467624,803415.14,467624,497517,497517,1950,TRUE,SK-Fraser_Sum,Sk-Southern
Case2,Sockeye_CU_B,Sockeye,1999,857152.5138,432565,857152.5138,432565,1559255,1559255,1950,TRUE,SK-Fraser_Sum,Sk-Southern
Case2,Sockeye_CU_B,Sockeye,2000,731770.9122,395559,731770.9122,395559,452112,452112,1950,TRUE,SK-Fraser_Sum,Sk-Southern
Case2,Sockeye_CU_B,Sockeye,2001,657102.9917,331244,657102.9917,331244,1090728,1090728,1950,TRUE,SK-Fraser_Sum,Sk-Southern
Case2,Sockeye_CU_B,Sockeye,2002,381910.9434,215050,381910.9434,215050,1225485,1225485,1950,TRUE,SK-Fraser_Sum,Sk-Southern
Case2,Sockeye_CU_B,Sockeye,2003,606556.8691,334896,606556.8691,334896,351206,351206,1950,TRUE,SK-Fraser_Sum,Sk-Southern
Case2,Sockeye_CU_B,Sockeye,2004,90273.0198,49193,90273.0198,49193,422076,422076,1950,TRUE,SK-Fraser_Sum,Sk-Southern
Case2,Sockeye_CU_B,Sockeye,2005,535538.2264,285065,535538.2264,285065,299762,299762,1950,TRUE,SK-Fraser_Sum,Sk-Southern
Case2,Sockeye_CU_B,Sockeye,2006,456754.378,261918,456754.378,261918,4768344,4768344,1950,TRUE,SK-Fraser_Sum,Sk-Southern
Case2,Sockeye_CU_B,Sockeye,2007,299307.7458,156518,299307.7458,156518,1072450,1072450,1950,TRUE,SK-Fraser_Sum,Sk-Southern
Case2,Sockeye_CU_B,Sockeye,2008,131552.8695,68731,131552.8695,68731,522333,522333,1950,TRUE,SK-Fraser_Sum,Sk-Southern
Case2,Sockeye_CU_B,Sockeye,2009,212482.8082,127367,212482.8082,127367,1830773,1830773,1950,TRUE,SK-Fraser_Sum,Sk-Southern
Case2,Sockeye_CU_B,Sockeye,2010,2124163.371,1181540,2124163.371,1181540,2745906,2745906,1950,TRUE,SK-Fraser_Sum,Sk-Southern
Case2,Sockeye_CU_B,Sockeye,2011,748072.3523,457653,748072.3523,457653,871682,871682,1950,TRUE,SK-Fraser_Sum,Sk-Southern
Case2,Sockeye_CU_B,Sockeye,2012,164108.91,90759,164108.91,90759,222796,222796,1950,TRUE,SK-Fraser_Sum,Sk-Southern
Case2,Sockeye_CU_B,Sockeye,2013,1183947.2085,624483,1183947.2085,624483,486825,486825,1950,TRUE,SK-Fraser_Sum,Sk-Southern
Case2,Sockeye_CU_B,Sockeye,2014,1025559.5712,669181,1025559.5712,669181,1639635,1639635,1950,TRUE,SK-Fraser_Sum,Sk-Southern
Case2,Sockeye_CU_B,Sockeye,2015,653597.64,429012,653597.64,429012,213908,213908,1950,TRUE,SK-Fraser_Sum,Sk-Southern
Case2,Sockeye_CU_B,Sockeye,2016,134499.8076,66013,134499.8076,66013,38111,38111,1950,TRUE,SK-Fraser_Sum,Sk-Southern
Case2,Sockeye_CU_B,Sockeye,2017,356268.372,212956,356268.372,212956,1151133,1151133,1950,TRUE,SK-Fraser_Sum,Sk-Southern
Case2,Sockeye_CU_B,Sockeye,2018,609460.544,388737,609460.544,388737,1473817,1473817,1950,TRUE,SK-Fraser_Sum,Sk-Southern
Case2,Sockeye_CU_B,Sockeye,2019,165920.634,74636,165920.634,74636,NA,NA,1950,TRUE,SK-Fraser_Sum,Sk-Southern
Case2,Sockeye_CU_B,Sockeye,2020,51454.8207,27054,51454.8207,27054,NA,NA,1950,TRUE,SK-Fraser_Sum,Sk-Southern
Case2,Sockeye_CU_B,Sockeye,2021,899784.9835,539551,899784.9835,539551,NA,NA,1950,TRUE,SK-Fraser_Sum,Sk-Southern
Case2,Sockeye_CU_B,Sockeye,2022,872969.2218,484123,872969.2218,484123,NA,NA,1950,TRUE,SK-Fraser_Sum,Sk-Southern
Case2,Sockeye_CU_B,Sockeye,2023,NA,NA,NA,NA,NA,NA,1950,TRUE,SK-Fraser_Sum,Sk-Southern
Case3,Sockeye_CU_C,Sockeye,1950,NA,NA,NA,NA,NA,NA,1950,TRUE,SK-U Skeena LT,Sk_Northern
Case3,Sockeye_CU_C,Sockeye,1951,NA,NA,NA,NA,NA,NA,1950,TRUE,SK-U Skeena LT,Sk_Northern
Case3,Sockeye_CU_C,Sockeye,1952,NA,NA,NA,NA,NA,NA,1950,TRUE,SK-U Skeena LT,Sk_Northern
Case3,Sockeye_CU_C,Sockeye,1953,NA,NA,NA,NA,NA,NA,1950,TRUE,SK-U Skeena LT,Sk_Northern
Case3,Sockeye_CU_C,Sockeye,1954,NA,NA,NA,NA,NA,NA,1950,TRUE,SK-U Skeena LT,Sk_Northern
Case3,Sockeye_CU_C,Sockeye,1955,NA,NA,NA,NA,NA,NA,1950,TRUE,SK-U Skeena LT,Sk_Northern
Case3,Sockeye_CU_C,Sockeye,1956,NA,NA,NA,NA,NA,NA,1950,TRUE,SK-U Skeena LT,Sk_Northern
Case3,Sockeye_CU_C,Sockeye,1957,NA,NA,NA,NA,NA,NA,1950,TRUE,SK-U Skeena LT,Sk_Northern
Case3,Sockeye_CU_C,Sockeye,1958,NA,NA,NA,NA,NA,NA,1950,TRUE,SK-U Skeena LT,Sk_Northern
Case3,Sockeye_CU_C,Sockeye,1959,NA,NA,NA,NA,NA,NA,1950,TRUE,SK-U Skeena LT,Sk_Northern
Case3,Sockeye_CU_C,Sockeye,1960,NA,NA,NA,NA,NA,NA,1950,TRUE,SK-U Skeena LT,Sk_Northern
Case3,Sockeye_CU_C,Sockeye,1961,600,600,600,600,1307.25047431592,1307.25047431592,1950,TRUE,SK-U Skeena LT,Sk_Northern
Case3,Sockeye_CU_C,Sockeye,1962,NA,NA,NA,NA,1727.14250075029,1727.14250075029,1950,TRUE,SK-U Skeena LT,Sk_Northern
Case3,Sockeye_CU_C,Sockeye,1963,NA,NA,NA,NA,1717.69021662703,1717.69021662703,1950,TRUE,SK-U Skeena LT,Sk_Northern
Case3,Sockeye_CU_C,Sockeye,1964,500,500,500,500,1156.57421243743,1156.57421243743,1950,TRUE,SK-U Skeena LT,Sk_Northern
Case3,Sockeye_CU_C,Sockeye,1965,550,550,550,550,515.313962853727,515.313962853727,1950,TRUE,SK-U Skeena LT,Sk_Northern
Case3,Sockeye_CU_C,Sockeye,1966,600,600,600,600,246.051939312454,246.051939312454,1950,TRUE,SK-U Skeena LT,Sk_Northern
Case3,Sockeye_CU_C,Sockeye,1967,600,600,600,600,223.129360222662,223.129360222662,1950,TRUE,SK-U Skeena LT,Sk_Northern
Case3,Sockeye_CU_C,Sockeye,1968,600,600,600,600,900.440182564413,900.440182564413,1950,TRUE,SK-U Skeena LT,Sk_Northern
Case3,Sockeye_CU_C,Sockeye,1969,350,350,350,350,725.826860195719,725.826860195719,1950,TRUE,SK-U Skeena LT,Sk_Northern
Case3,Sockeye_CU_C,Sockeye,1970,100,100,100,100,NA,NA,1950,TRUE,SK-U Skeena LT,Sk_Northern
Case3,Sockeye_CU_C,Sockeye,1971,100,100,100,100,NA,NA,1950,TRUE,SK-U Skeena LT,Sk_Northern
Case3,Sockeye_CU_C,Sockeye,1972,100,100,100,100,NA,NA,1950,TRUE,SK-U Skeena LT,Sk_Northern
Case3,Sockeye_CU_C,Sockeye,1973,600,600,600,600,NA,NA,1950,TRUE,SK-U Skeena LT,Sk_Northern
Case3,Sockeye_CU_C,Sockeye,1974,2,2,2,2,NA,NA,1950,TRUE,SK-U Skeena LT,Sk_Northern
Case3,Sockeye_CU_C,Sockeye,1975,NA,NA,NA,NA,325.435139185114,325.435139185114,1950,TRUE,SK-U Skeena LT,Sk_Northern
Case3,Sockeye_CU_C,Sockeye,1976,NA,NA,NA,NA,NA,NA,1950,TRUE,SK-U Skeena LT,Sk_Northern
Case3,Sockeye_CU_C,Sockeye,1977,NA,NA,NA,NA,NA,NA,1950,TRUE,SK-U Skeena LT,Sk_Northern
Case3,Sockeye_CU_C,Sockeye,1978,600,600,600,600,NA,NA,1950,TRUE,SK-U Skeena LT,Sk_Northern
Case3,Sockeye_CU_C,Sockeye,1979,100,100,100,100,NA,NA,1950,TRUE,SK-U Skeena LT,Sk_Northern
Case3,Sockeye_CU_C,Sockeye,1980,100,100,100,100,NA,NA,1950,TRUE,SK-U Skeena LT,Sk_Northern
Case3,Sockeye_CU_C,Sockeye,1981,NA,NA,NA,NA,NA,NA,1950,TRUE,SK-U Skeena LT,Sk_Northern
Case3,Sockeye_CU_C,Sockeye,1982,NA,NA,NA,NA,NA,NA,1950,TRUE,SK-U Skeena LT,Sk_Northern
Case3,Sockeye_CU_C,Sockeye,1983,NA,NA,NA,NA,NA,NA,1950,TRUE,SK-U Skeena LT,Sk_Northern
Case3,Sockeye_CU_C,Sockeye,1984,NA,NA,NA,NA,NA,NA,1950,TRUE,SK-U Skeena LT,Sk_Northern
Case3,Sockeye_CU_C,Sockeye,1985,NA,NA,NA,NA,NA,NA,1950,TRUE,SK-U Skeena LT,Sk_Northern
Case3,Sockeye_CU_C,Sockeye,1986,NA,NA,NA,NA,NA,NA,1950,TRUE,SK-U Skeena LT,Sk_Northern
Case3,Sockeye_CU_C,Sockeye,1987,100,100,100,100,1723.43285984981,1723.43285984981,1950,TRUE,SK-U Skeena LT,Sk_Northern
Case3,Sockeye_CU_C,Sockeye,1988,NA,NA,NA,NA,1853.48116409064,1853.48116409064,1950,TRUE,SK-U Skeena LT,Sk_Northern
Case3,Sockeye_CU_C,Sockeye,1989,NA,NA,NA,NA,NA,NA,1950,TRUE,SK-U Skeena LT,Sk_Northern
Case3,Sockeye_CU_C,Sockeye,1990,260,260,260,260,NA,NA,1950,TRUE,SK-U Skeena LT,Sk_Northern
Case3,Sockeye_CU_C,Sockeye,1991,530,530,530,530,NA,NA,1950,TRUE,SK-U Skeena LT,Sk_Northern
Case3,Sockeye_CU_C,Sockeye,1992,800,800,800,800,NA,NA,1950,TRUE,SK-U Skeena LT,Sk_Northern
Case3,Sockeye_CU_C,Sockeye,1993,700,700,700,700,NA,NA,1950,TRUE,SK-U Skeena LT,Sk_Northern
Case3,Sockeye_CU_C,Sockeye,1994,NA,NA,NA,NA,NA,NA,1950,TRUE,SK-U Skeena LT,Sk_Northern
Case3,Sockeye_CU_C,Sockeye,1995,NA,NA,NA,NA,NA,NA,1950,TRUE,SK-U Skeena LT,Sk_Northern
Case3,Sockeye_CU_C,Sockeye,1996,NA,NA,NA,NA,1660.02518102367,1660.02518102367,1950,TRUE,SK-U Skeena LT,Sk_Northern
Case3,Sockeye_CU_C,Sockeye,1997,NA,NA,NA,NA,2155.46743859098,2155.46743859098,1950,TRUE,SK-U Skeena LT,Sk_Northern
Case3,Sockeye_CU_C,Sockeye,1998,NA,NA,NA,NA,1935.91257800653,1935.91257800653,1950,TRUE,SK-U Skeena LT,Sk_Northern
Case3,Sockeye_CU_C,Sockeye,1999,406.1538462,406.1538462,406.1538462,406.1538462,1399.28036265378,1399.28036265378,1950,TRUE,SK-U Skeena LT,Sk_Northern
Case3,Sockeye_CU_C,Sockeye,2000,504.6153846,504.6153846,504.6153846,504.6153846,774.153272233198,774.153272233198,1950,TRUE,SK-U Skeena LT,Sk_Northern
Case3,Sockeye_CU_C,Sockeye,2001,1164.307692,1164.307692,1164.307692,1164.307692,316.819911354538,316.819911354538,1950,TRUE,SK-U Skeena LT,Sk_Northern
Case3,Sockeye_CU_C,Sockeye,2002,1115.8290595,1115.8290595,1115.8290595,1115.8290595,370.277933178073,370.277933178073,1950,TRUE,SK-U Skeena LT,Sk_Northern
Case3,Sockeye_CU_C,Sockeye,2003,1067.350427,1067.350427,1067.350427,1067.350427,344.003771581735,344.003771581735,1950,TRUE,SK-U Skeena LT,Sk_Northern
Case3,Sockeye_CU_C,Sockeye,2004,667.1636858,667.1636858,667.1636858,667.1636858,592.544853690922,592.544853690922,1950,TRUE,SK-U Skeena LT,Sk_Northern
Case3,Sockeye_CU_C,Sockeye,2005,266.9769446,266.9769446,266.9769446,266.9769446,1289.87828380323,1289.87828380323,1950,TRUE,SK-U Skeena LT,Sk_Northern
Case3,Sockeye_CU_C,Sockeye,2006,88,88,88,88,1896.25743775668,1896.25743775668,1950,TRUE,SK-U Skeena LT,Sk_Northern
Case3,Sockeye_CU_C,Sockeye,2007,292.8205128,292.8205128,292.8205128,292.8205128,3143.61874720554,3143.61874720554,1950,TRUE,SK-U Skeena LT,Sk_Northern
Case3,Sockeye_CU_C,Sockeye,2008,95.00674764,95.00674764,95.00674764,95.00674764,2342.2187614459,2342.2187614459,1950,TRUE,SK-U Skeena LT,Sk_Northern
Case3,Sockeye_CU_C,Sockeye,2009,780.432553,780.432553,780.432553,780.432553,4046.0972945102,4046.0972945102,1950,TRUE,SK-U Skeena LT,Sk_Northern
Case3,Sockeye_CU_C,Sockeye,2010,1310.722689,1310.722689,1310.722689,1310.722689,3914.3865204644,3914.3865204644,1950,TRUE,SK-U Skeena LT,Sk_Northern
Case3,Sockeye_CU_C,Sockeye,2011,1380.710059,1380.710059,1380.710059,1380.710059,1988.88268174565,1988.88268174565,1950,TRUE,SK-U Skeena LT,Sk_Northern
Case3,Sockeye_CU_C,Sockeye,2012,2860,2860,2860,2860,1021.45608094231,1021.45608094231,1950,TRUE,SK-U Skeena LT,Sk_Northern
Case3,Sockeye_CU_C,Sockeye,2013,550,550,550,550,900.563352691718,900.563352691718,1950,TRUE,SK-U Skeena LT,Sk_Northern
Case3,Sockeye_CU_C,Sockeye,2014,4831.71143,4831.71143,4831.71143,4831.71143,1377.91601487332,1377.91601487332,1950,TRUE,SK-U Skeena LT,Sk_Northern
Case3,Sockeye_CU_C,Sockeye,2015,1257.370777,1257.370777,1257.370777,1257.370777,863.218847654218,863.218847654218,1950,TRUE,SK-U Skeena LT,Sk_Northern
Case3,Sockeye_CU_C,Sockeye,2016,1134.358974,1134.358974,1134.358974,1134.358974,1114.13558968732,1114.13558968732,1950,TRUE,SK-U Skeena LT,Sk_Northern
Case3,Sockeye_CU_C,Sockeye,2017,329.1468531,329.1468531,329.1468531,329.1468531,1154.1546371989,1154.1546371989,1950,TRUE,SK-U Skeena LT,Sk_Northern
Case3,Sockeye_CU_C,Sockeye,2018,1123.778542,1123.778542,1123.778542,1123.778542,NA,NA,1950,TRUE,SK-U Skeena LT,Sk_Northern
Case3,Sockeye_CU_C,Sockeye,2019,1318.837607,1318.837607,1318.837607,1318.837607,NA,NA,1950,TRUE,SK-U Skeena LT,Sk_Northern
Case3,Sockeye_CU_C,Sockeye,2020,112,112,112,112,NA,NA,1950,TRUE,SK-U Skeena LT,Sk_Northern
Case3,Sockeye_CU_C,Sockeye,2021,1496,1496,1496,1496,NA,NA,1950,TRUE,SK-U Skeena LT,Sk_Northern
Case3,Sockeye_CU_C,Sockeye,2022,448,448,448,448,NA,NA,1950,TRUE,SK-U Skeena LT,Sk_Northern
Case4,Sockeye_CU_D,Sockeye,1950,NA,NA,NA,NA,NA,NA,1950,TRUE,SK-L Skeena LT,Sk_Northern
Case4,Sockeye_CU_D,Sockeye,1951,NA,NA,NA,NA,NA,NA,1950,TRUE,SK-L Skeena LT,Sk_Northern
Case4,Sockeye_CU_D,Sockeye,1952,NA,NA,NA,NA,NA,NA,1950,TRUE,SK-L Skeena LT,Sk_Northern
Case4,Sockeye_CU_D,Sockeye,1953,NA,NA,NA,NA,NA,NA,1950,TRUE,SK-L Skeena LT,Sk_Northern
Case4,Sockeye_CU_D,Sockeye,1954,NA,NA,NA,NA,NA,NA,1950,TRUE,SK-L Skeena LT,Sk_Northern
Case4,Sockeye_CU_D,Sockeye,1955,NA,NA,NA,NA,NA,NA,1950,TRUE,SK-L Skeena LT,Sk_Northern
Case4,Sockeye_CU_D,Sockeye,1956,NA,NA,NA,NA,16544.0972322877,16544.0972322877,1950,TRUE,SK-L Skeena LT,Sk_Northern
Case4,Sockeye_CU_D,Sockeye,1957,NA,NA,NA,NA,20100.0235606203,20100.0235606203,1950,TRUE,SK-L Skeena LT,Sk_Northern
Case4,Sockeye_CU_D,Sockeye,1958,NA,NA,NA,NA,22004.535731488,22004.535731488,1950,TRUE,SK-L Skeena LT,Sk_Northern
Case4,Sockeye_CU_D,Sockeye,1959,NA,NA,NA,NA,50670.3097371269,50670.3097371269,1950,TRUE,SK-L Skeena LT,Sk_Northern
Case4,Sockeye_CU_D,Sockeye,1960,11351.03176,11351.03176,11351.03176,11351.03176,90679.0222105788,90679.0222105788,1950,TRUE,SK-L Skeena LT,Sk_Northern
Case4,Sockeye_CU_D,Sockeye,1961,14882.46386,14882.46386,14882.46386,14882.46386,66617.7531661871,66617.7531661871,1950,TRUE,SK-L Skeena LT,Sk_Northern
Case4,Sockeye_CU_D,Sockeye,1962,17337.01118,17337.01118,17337.01118,17337.01118,41780.1934577579,41780.1934577579,1950,TRUE,SK-L Skeena LT,Sk_Northern
Case4,Sockeye_CU_D,Sockeye,1963,19927.36686,19927.36686,19927.36686,19927.36686,33270.345593394,33270.345593394,1950,TRUE,SK-L Skeena LT,Sk_Northern
Case4,Sockeye_CU_D,Sockeye,1964,52434.19937,52434.19937,52434.19937,52434.19937,21402.9898914346,21402.9898914346,1950,TRUE,SK-L Skeena LT,Sk_Northern
Case4,Sockeye_CU_D,Sockeye,1965,87785.43654,87785.43654,87785.43654,87785.43654,14672.2422513426,14672.2422513426,1950,TRUE,SK-L Skeena LT,Sk_Northern
Case4,Sockeye_CU_D,Sockeye,1966,39882.78244,39882.78244,39882.78244,39882.78244,9743.80354593931,9743.80354593931,1950,TRUE,SK-L Skeena LT,Sk_Northern
Case4,Sockeye_CU_D,Sockeye,1967,29447.7612,29447.7612,29447.7612,29447.7612,7374.71846586347,7374.71846586347,1950,TRUE,SK-L Skeena LT,Sk_Northern
Case4,Sockeye_CU_D,Sockeye,1968,24939.04447,24939.04447,24939.04447,24939.04447,5616.70140305347,5616.70140305347,1950,TRUE,SK-L Skeena LT,Sk_Northern
Case4,Sockeye_CU_D,Sockeye,1969,14219.63062,14219.63062,14219.63062,14219.63062,6181.49609015214,6181.49609015214,1950,TRUE,SK-L Skeena LT,Sk_Northern
Case4,Sockeye_CU_D,Sockeye,1970,11375.7045,11375.7045,11375.7045,11375.7045,6640.3036144854,6640.3036144854,1950,TRUE,SK-L Skeena LT,Sk_Northern
Case4,Sockeye_CU_D,Sockeye,1971,6562.90644,6562.90644,6562.90644,6562.90644,7609.68834895874,7609.68834895874,1950,TRUE,SK-L Skeena LT,Sk_Northern
Case4,Sockeye_CU_D,Sockeye,1972,5797.234022,5797.234022,5797.234022,5797.234022,6829.64163258191,6829.64163258191,1950,TRUE,SK-L Skeena LT,Sk_Northern
Case4,Sockeye_CU_D,Sockeye,1973,3937.743864,3937.743864,3937.743864,3937.743864,12071.1133219361,12071.1133219361,1950,TRUE,SK-L Skeena LT,Sk_Northern
Case4,Sockeye_CU_D,Sockeye,1974,5250.325152,5250.325152,5250.325152,5250.325152,15088.2529447927,15088.2529447927,1950,TRUE,SK-L Skeena LT,Sk_Northern
Case4,Sockeye_CU_D,Sockeye,1975,5687.852248,5687.852248,5687.852248,5687.852248,29889.3513321424,29889.3513321424,1950,TRUE,SK-L Skeena LT,Sk_Northern
Case4,Sockeye_CU_D,Sockeye,1976,6562.90644,6562.90644,6562.90644,6562.90644,24899.6651270627,24899.6651270627,1950,TRUE,SK-L Skeena LT,Sk_Northern
Case4,Sockeye_CU_D,Sockeye,1977,5086.252491,5086.252491,5086.252491,5086.252491,32364.9018417929,32364.9018417929,1950,TRUE,SK-L Skeena LT,Sk_Northern
Case4,Sockeye_CU_D,Sockeye,1978,11813.23159,11813.23159,11813.23159,11813.23159,26513.1261664094,26513.1261664094,1950,TRUE,SK-L Skeena LT,Sk_Northern
Case4,Sockeye_CU_D,Sockeye,1979,12469.52224,12469.52224,12469.52224,12469.52224,14311.9116348795,14311.9116348795,1950,TRUE,SK-L Skeena LT,Sk_Northern
Case4,Sockeye_CU_D,Sockeye,1980,29445.57356,29445.57356,29445.57356,29445.57356,34576.7002463114,34576.7002463114,1950,TRUE,SK-L Skeena LT,Sk_Northern
Case4,Sockeye_CU_D,Sockeye,1981,15969.739,15969.739,15969.739,15969.739,21750.5592047448,21750.5592047448,1950,TRUE,SK-L Skeena LT,Sk_Northern
Case4,Sockeye_CU_D,Sockeye,1982,30117.17765,30117.17765,30117.17765,30117.17765,7471.18875214476,7471.18875214476,1950,TRUE,SK-L Skeena LT,Sk_Northern
Case4,Sockeye_CU_D,Sockeye,1983,19251.19222,19251.19222,19251.19222,19251.19222,11881.4050904569,11881.4050904569,1950,TRUE,SK-L Skeena LT,Sk_Northern
Case4,Sockeye_CU_D,Sockeye,1984,9516.214338,9516.214338,9516.214338,9516.214338,11051.9556204331,11051.9556204331,1950,TRUE,SK-L Skeena LT,Sk_Northern
Case4,Sockeye_CU_D,Sockeye,1985,36314.74897,36314.74897,36314.74897,36314.74897,5286.15500206154,5286.15500206154,1950,TRUE,SK-L Skeena LT,Sk_Northern
Case4,Sockeye_CU_D,Sockeye,1986,8969.305468,8969.305468,8969.305468,8969.305468,12936.1276069236,12936.1276069236,1950,TRUE,SK-L Skeena LT,Sk_Northern
Case4,Sockeye_CU_D,Sockeye,1987,5305.016039,5305.016039,5305.016039,5305.016039,16469.683183982,16469.683183982,1950,TRUE,SK-L Skeena LT,Sk_Northern
Case4,Sockeye_CU_D,Sockeye,1988,10445.95942,10445.95942,10445.95942,10445.95942,18320.4700857528,18320.4700857528,1950,TRUE,SK-L Skeena LT,Sk_Northern
Case4,Sockeye_CU_D,Sockeye,1989,7678.600535,7678.600535,7678.600535,7678.600535,8850.52159459919,8850.52159459919,1950,TRUE,SK-L Skeena LT,Sk_Northern
Case4,Sockeye_CU_D,Sockeye,1990,2690.79164,2690.79164,2690.79164,2690.79164,27854.991650144,27854.991650144,1950,TRUE,SK-L Skeena LT,Sk_Northern
Case4,Sockeye_CU_D,Sockeye,1991,13453.9582,13453.9582,13453.9582,13453.9582,35400.6141136237,35400.6141136237,1950,TRUE,SK-L Skeena LT,Sk_Northern
Case4,Sockeye_CU_D,Sockeye,1992,10391.26853,10391.26853,10391.26853,10391.26853,14903.8164660622,14903.8164660622,1950,TRUE,SK-L Skeena LT,Sk_Northern
Case4,Sockeye_CU_D,Sockeye,1993,13672.72175,13672.72175,13672.72175,13672.72175,6630.17837377112,6630.17837377112,1950,TRUE,SK-L Skeena LT,Sk_Northern
Case4,Sockeye_CU_D,Sockeye,1994,3117.380559,3117.380559,3117.380559,3117.380559,11096.293583041,11096.293583041,1950,TRUE,SK-L Skeena LT,Sk_Northern
Case4,Sockeye_CU_D,Sockeye,1995,27454.82527,27454.82527,27454.82527,27454.82527,13841.8305864291,13841.8305864291,1950,TRUE,SK-L Skeena LT,Sk_Northern
Case4,Sockeye_CU_D,Sockeye,1996,23681.15407,23681.15407,23681.15407,23681.15407,13093.4223108395,13093.4223108395,1950,TRUE,SK-L Skeena LT,Sk_Northern
Case4,Sockeye_CU_D,Sockeye,1997,3445.525881,3445.525881,3445.525881,3445.525881,10169.6736257288,10169.6736257288,1950,TRUE,SK-L Skeena LT,Sk_Northern
Case4,Sockeye_CU_D,Sockeye,1998,5319.758874,5319.758874,5319.758874,5319.758874,5056.84709798343,5056.84709798343,1950,TRUE,SK-L Skeena LT,Sk_Northern
Case4,Sockeye_CU_D,Sockeye,1999,9933.171265,9933.171265,9933.171265,9933.171265,5143.73736387722,5143.73736387722,1950,TRUE,SK-L Skeena LT,Sk_Northern
Case4,Sockeye_CU_D,Sockeye,2000,10447.8262925,10447.8262925,10447.8262925,10447.8262925,8318.06524024649,8318.06524024649,1950,TRUE,SK-L Skeena LT,Sk_Northern
Case4,Sockeye_CU_D,Sockeye,2001,10962.48132,10962.48132,10962.48132,10962.48132,4973.81797917163,4973.81797917163,1950,TRUE,SK-L Skeena LT,Sk_Northern
Case4,Sockeye_CU_D,Sockeye,2002,6873.1521065,6873.1521065,6873.1521065,6873.1521065,5804.3832061406,5804.3832061406,1950,TRUE,SK-L Skeena LT,Sk_Northern
Case4,Sockeye_CU_D,Sockeye,2003,2783.822893,2783.822893,2783.822893,2783.822893,7867.59820460004,7867.59820460004,1950,TRUE,SK-L Skeena LT,Sk_Northern
Case4,Sockeye_CU_D,Sockeye,2004,5168.869836,5168.869836,5168.869836,5168.869836,10288.7595456935,10288.7595456935,1950,TRUE,SK-L Skeena LT,Sk_Northern
Case4,Sockeye_CU_D,Sockeye,2005,8282.535686,8282.535686,8282.535686,8282.535686,19191.4647170989,19191.4647170989,1950,TRUE,SK-L Skeena LT,Sk_Northern
Case4,Sockeye_CU_D,Sockeye,2006,2530.911928,2530.911928,2530.911928,2530.911928,25761.3754289078,25761.3754289078,1950,TRUE,SK-L Skeena LT,Sk_Northern
Case4,Sockeye_CU_D,Sockeye,2007,6126.456801,6126.456801,6126.456801,6126.456801,29832.1944564643,29832.1944564643,1950,TRUE,SK-L Skeena LT,Sk_Northern
Case4,Sockeye_CU_D,Sockeye,2008,7414.771655,7414.771655,7414.771655,7414.771655,29145.1232420136,29145.1232420136,1950,TRUE,SK-L Skeena LT,Sk_Northern
Case4,Sockeye_CU_D,Sockeye,2009,10307.46355,10307.46355,10307.46355,10307.46355,24052.6914323993,24052.6914323993,1950,TRUE,SK-L Skeena LT,Sk_Northern
Case4,Sockeye_CU_D,Sockeye,2010,20754.92196,20754.92196,20754.92196,20754.92196,27724.2906652804,27724.2906652804,1950,TRUE,SK-L Skeena LT,Sk_Northern
Case4,Sockeye_CU_D,Sockeye,2011,23816.40336,23816.40336,23816.40336,23816.40336,32682.4959730711,32682.4959730711,1950,TRUE,SK-L Skeena LT,Sk_Northern
Case4,Sockeye_CU_D,Sockeye,2012,27601.39685,27601.39685,27601.39685,27601.39685,19262.2582866935,19262.2582866935,1950,TRUE,SK-L Skeena LT,Sk_Northern
Case4,Sockeye_CU_D,Sockeye,2013,26468.44552,26468.44552,26468.44552,26468.44552,11808.8173368045,11808.8173368045,1950,TRUE,SK-L Skeena LT,Sk_Northern
Case4,Sockeye_CU_D,Sockeye,2014,20513.20071,20513.20071,20513.20071,20513.20071,15674.9051552354,15674.9051552354,1950,TRUE,SK-L Skeena LT,Sk_Northern
Case4,Sockeye_CU_D,Sockeye,2015,28535.41234,28535.41234,28535.41234,28535.41234,6382.8332163885,6382.8332163885,1950,TRUE,SK-L Skeena LT,Sk_Northern
Case4,Sockeye_CU_D,Sockeye,2016,29730.11643,29730.11643,29730.11643,29730.11643,8313.53328180906,8313.53328180906,1950,TRUE,SK-L Skeena LT,Sk_Northern
Case4,Sockeye_CU_D,Sockeye,2017,12526.40076,12526.40076,12526.40076,12526.40076,17410.6631460067,17410.6631460067,1950,TRUE,SK-L Skeena LT,Sk_Northern
Case4,Sockeye_CU_D,Sockeye,2018,10960.93593,10960.93593,10960.93593,10960.93593,NA,NA,1950,TRUE,SK-L Skeena LT,Sk_Northern
Case4,Sockeye_CU_D,Sockeye,2019,16261.2501,16261.2501,16261.2501,16261.2501,NA,NA,1950,TRUE,SK-L Skeena LT,Sk_Northern
Case4,Sockeye_CU_D,Sockeye,2020,1236.67892,1236.67892,1236.67892,1236.67892,NA,NA,1950,TRUE,SK-L Skeena LT,Sk_Northern
Case4,Sockeye_CU_D,Sockeye,2021,10801.89218,10801.89218,10801.89218,10801.89218,NA,NA,1950,TRUE,SK-L Skeena LT,Sk_Northern
Case4,Sockeye_CU_D,Sockeye,2022,18966.31747,18966.31747,18966.31747,18966.31747,NA,NA,1950,TRUE,SK-L Skeena LT,Sk_Northern
Case5,Chinook_CU_A,Chinook,1975,356,356,356,356,NA,NA,1975,TRUE,CK-Fraser_Lower,Ck_Southern
Case5,Chinook_CU_A,Chinook,1976,473,473,473,473,NA,NA,1975,TRUE,CK-Fraser_Lower,Ck_Southern
Case5,Chinook_CU_A,Chinook,1977,891,891,891,891,NA,NA,1975,TRUE,CK-Fraser_Lower,Ck_Southern
Case5,Chinook_CU_A,Chinook,1978,461,461,461,461,NA,NA,1975,TRUE,CK-Fraser_Lower,Ck_Southern
Case5,Chinook_CU_A,Chinook,1979,511,511,511,511,NA,NA,1975,TRUE,CK-Fraser_Lower,Ck_Southern
Case5,Chinook_CU_A,Chinook,1980,380,380,380,380,NA,NA,1975,TRUE,CK-Fraser_Lower,Ck_Southern
Case5,Chinook_CU_A,Chinook,1981,170,170,170,170,NA,NA,1975,TRUE,CK-Fraser_Lower,Ck_Southern
Case5,Chinook_CU_A,Chinook,1982,921,921,921,921,NA,NA,1975,TRUE,CK-Fraser_Lower,Ck_Southern
Case5,Chinook_CU_A,Chinook,1983,930,930,930,930,NA,NA,1975,TRUE,CK-Fraser_Lower,Ck_Southern
Case5,Chinook_CU_A,Chinook,1984,621,621,621,621,NA,NA,1975,TRUE,CK-Fraser_Lower,Ck_Southern
Case5,Chinook_CU_A,Chinook,1985,301,301,301,301,NA,NA,1975,TRUE,CK-Fraser_Lower,Ck_Southern
Case5,Chinook_CU_A,Chinook,1986,346,346,346,346,NA,NA,1975,TRUE,CK-Fraser_Lower,Ck_Southern
Case5,Chinook_CU_A,Chinook,1987,163,163,163,163,NA,NA,1975,TRUE,CK-Fraser_Lower,Ck_Southern
Case5,Chinook_CU_A,Chinook,1988,776,776,776,776,NA,NA,1975,TRUE,CK-Fraser_Lower,Ck_Southern
Case5,Chinook_CU_A,Chinook,1989,397,397,397,397,NA,NA,1975,TRUE,CK-Fraser_Lower,Ck_Southern
Case5,Chinook_CU_A,Chinook,1990,519,519,519,519,NA,NA,1975,TRUE,CK-Fraser_Lower,Ck_Southern
Case5,Chinook_CU_A,Chinook,1991,296,296,296,296,NA,NA,1975,TRUE,CK-Fraser_Lower,Ck_Southern
Case5,Chinook_CU_A,Chinook,1992,813,813,813,813,NA,NA,1975,TRUE,CK-Fraser_Lower,Ck_Southern
Case5,Chinook_CU_A,Chinook,1993,290,290,290,290,NA,NA,1975,TRUE,CK-Fraser_Lower,Ck_Southern
Case5,Chinook_CU_A,Chinook,1994,407,407,407,407,NA,NA,1975,TRUE,CK-Fraser_Lower,Ck_Southern
Case5,Chinook_CU_A,Chinook,1995,205,205,205,205,NA,NA,1975,TRUE,CK-Fraser_Lower,Ck_Southern
Case5,Chinook_CU_A,Chinook,1996,373,373,373,373,NA,NA,1975,TRUE,CK-Fraser_Lower,Ck_Southern
Case5,Chinook_CU_A,Chinook,1997,664,664,664,664,NA,NA,1975,TRUE,CK-Fraser_Lower,Ck_Southern
Case5,Chinook_CU_A,Chinook,1998,668,668,668,668,NA,NA,1975,TRUE,CK-Fraser_Lower,Ck_Southern
Case5,Chinook_CU_A,Chinook,1999,188,188,188,188,NA,NA,1975,TRUE,CK-Fraser_Lower,Ck_Southern
Case5,Chinook_CU_A,Chinook,2000,478,478,478,478,NA,NA,1975,TRUE,CK-Fraser_Lower,Ck_Southern
Case5,Chinook_CU_A,Chinook,2001,732,732,732,732,NA,NA,1975,TRUE,CK-Fraser_Lower,Ck_Southern
Case5,Chinook_CU_A,Chinook,2002,540,540,540,540,NA,NA,1975,TRUE,CK-Fraser_Lower,Ck_Southern
Case5,Chinook_CU_A,Chinook,2003,509,509,509,509,NA,NA,1975,TRUE,CK-Fraser_Lower,Ck_Southern
Case5,Chinook_CU_A,Chinook,2004,202,202,202,202,NA,NA,1975,TRUE,CK-Fraser_Lower,Ck_Southern
Case5,Chinook_CU_A,Chinook,2005,1491,1491,1491,1491,NA,NA,1975,TRUE,CK-Fraser_Lower,Ck_Southern
Case5,Chinook_CU_A,Chinook,2006,1259,1259,1259,1259,NA,NA,1975,TRUE,CK-Fraser_Lower,Ck_Southern
Case5,Chinook_CU_A,Chinook,2007,1968,1968,1968,1968,NA,NA,1975,TRUE,CK-Fraser_Lower,Ck_Southern
Case5,Chinook_CU_A,Chinook,2008,234,234,234,234,NA,NA,1975,TRUE,CK-Fraser_Lower,Ck_Southern
Case5,Chinook_CU_A,Chinook,2009,631,631,631,631,NA,NA,1975,TRUE,CK-Fraser_Lower,Ck_Southern
Case5,Chinook_CU_A,Chinook,2010,1520,1520,1520,1520,NA,NA,1975,TRUE,CK-Fraser_Lower,Ck_Southern
Case5,Chinook_CU_A,Chinook,2011,941,941,941,941,NA,NA,1975,TRUE,CK-Fraser_Lower,Ck_Southern
Case5,Chinook_CU_A,Chinook,2012,624,624,624,624,NA,NA,1975,TRUE,CK-Fraser_Lower,Ck_Southern
Case5,Chinook_CU_A,Chinook,2013,224,224,224,224,NA,NA,1975,TRUE,CK-Fraser_Lower,Ck_Southern
Case5,Chinook_CU_A,Chinook,2014,383,383,383,383,NA,NA,1975,TRUE,CK-Fraser_Lower,Ck_Southern
Case5,Chinook_CU_A,Chinook,2015,508,508,508,508,NA,NA,1975,TRUE,CK-Fraser_Lower,Ck_Southern
Case5,Chinook_CU_A,Chinook,2016,238,238,238,238,NA,NA,1975,TRUE,CK-Fraser_Lower,Ck_Southern
Case5,Chinook_CU_A,Chinook,2017,320,320,320,320,NA,NA,1975,TRUE,CK-Fraser_Lower,Ck_Southern
Case5,Chinook_CU_A,Chinook,2018,144,144,144,144,NA,NA,1975,TRUE,CK-Fraser_Lower,Ck_Southern
Case5,Chinook_CU_A,Chinook,2019,178,178,178,178,NA,NA,1975,TRUE,CK-Fraser_Lower,Ck_Southern
Case5,Chinook_CU_A,Chinook,2020,191,191,191,191,NA,NA,1975,TRUE,CK-Fraser_Lower,Ck_Southern
Case5,Chinook_CU_A,Chinook,2021,134,134,134,134,NA,NA,1975,TRUE,CK-Fraser_Lower,Ck_Southern
Case5,Chinook_CU_A,Chinook,2022,275,275,275,275,NA,NA,1975,TRUE,CK-Fraser_Lower,Ck_Southern
Case6,Chinook_CU_B,Chinook,1997,9800.90393230699,9800.90393230699,9800.90393230699,9800.90393230699,NA,NA,1997,TRUE,CK-Fraser_Thompson,Ck_Southern
Case6,Chinook_CU_B,Chinook,1998,8153.0480887528,8153.0480887528,8153.0480887528,8153.0480887528,NA,NA,1997,TRUE,CK-Fraser_Thompson,Ck_Southern
Case6,Chinook_CU_B,Chinook,1999,5425.39090914127,5425.39090914127,5425.39090914127,5425.39090914127,NA,NA,1997,TRUE,CK-Fraser_Thompson,Ck_Southern
Case6,Chinook_CU_B,Chinook,2000,5936,5936,5936,5936,NA,NA,1997,TRUE,CK-Fraser_Thompson,Ck_Southern
Case6,Chinook_CU_B,Chinook,2001,4476,4476,4476,4476,NA,NA,1997,TRUE,CK-Fraser_Thompson,Ck_Southern
Case6,Chinook_CU_B,Chinook,2002,6830,6830,6830,6830,NA,NA,1997,TRUE,CK-Fraser_Thompson,Ck_Southern
Case6,Chinook_CU_B,Chinook,2003,7605,7605,7605,7605,NA,NA,1997,TRUE,CK-Fraser_Thompson,Ck_Southern
Case6,Chinook_CU_B,Chinook,2004,6180,6180,6180,6180,NA,NA,1997,TRUE,CK-Fraser_Thompson,Ck_Southern
Case6,Chinook_CU_B,Chinook,2005,4182,4182,4182,4182,NA,NA,1997,TRUE,CK-Fraser_Thompson,Ck_Southern
Case6,Chinook_CU_B,Chinook,2006,4397,4397,4397,4397,NA,NA,1997,TRUE,CK-Fraser_Thompson,Ck_Southern
Case6,Chinook_CU_B,Chinook,2007,2112,2112,2112,2112,NA,NA,1997,TRUE,CK-Fraser_Thompson,Ck_Southern
Case6,Chinook_CU_B,Chinook,2008,3909,3909,3909,3909,NA,NA,1997,TRUE,CK-Fraser_Thompson,Ck_Southern
Case6,Chinook_CU_B,Chinook,2009,6442,6442,6442,6442,NA,NA,1997,TRUE,CK-Fraser_Thompson,Ck_Southern
Case6,Chinook_CU_B,Chinook,2010,1402,1402,1402,1402,NA,NA,1997,TRUE,CK-Fraser_Thompson,Ck_Southern
Case6,Chinook_CU_B,Chinook,2011,1412,1412,1412,1412,NA,NA,1997,TRUE,CK-Fraser_Thompson,Ck_Southern
Case6,Chinook_CU_B,Chinook,2012,2414,2414,2414,2414,NA,NA,1997,TRUE,CK-Fraser_Thompson,Ck_Southern
Case6,Chinook_CU_B,Chinook,2013,2479,2479,2479,2479,NA,NA,1997,TRUE,CK-Fraser_Thompson,Ck_Southern
Case6,Chinook_CU_B,Chinook,2014,3220,3220,3220,3220,NA,NA,1997,TRUE,CK-Fraser_Thompson,Ck_Southern
Case6,Chinook_CU_B,Chinook,2015,5587,5587,5587,5587,NA,NA,1997,TRUE,CK-Fraser_Thompson,Ck_Southern
Case6,Chinook_CU_B,Chinook,2016,804,804,804,804,NA,NA,1997,TRUE,CK-Fraser_Thompson,Ck_Southern
Case6,Chinook_CU_B,Chinook,2017,1453,1453,1453,1453,NA,NA,1997,TRUE,CK-Fraser_Thompson,Ck_Southern
Case6,Chinook_CU_B,Chinook,2018,674,674,674,674,NA,NA,1997,TRUE,CK-Fraser_Thompson,Ck_Southern
Case6,Chinook_CU_B,Chinook,2019,1015,1015,1015,1015,NA,NA,1997,TRUE,CK-Fraser_Thompson,Ck_Southern
Case6,Chinook_CU_B,Chinook,2020,4002,4002,4002,4002,NA,NA,1997,TRUE,CK-Fraser_Thompson,Ck_Southern
Case6,Chinook_CU_B,Chinook,2021,3961,3961,3961,3961,NA,NA,1997,TRUE,CK-Fraser_Thompson,Ck_Southern
Case6,Chinook_CU_B,Chinook,2022,6076,6076,6076,6076,NA,NA,1997,TRUE,CK-Fraser_Thompson,Ck_Southern
