"CU_ID","Species","Stock","DataType","Year","SpnForAbd_Wild","SpnForTrend_Wild","RelLBM","AbsLBM","LongTrend","PercChange","ProbDeclBelowLBM","Percentile","RelUBM","AbsUBM","GenAvgSpnForAbd","IntStatusRaw","IntStatusRaw_Short","IntStatus_Short","RapidStatus","BinLabel","BinPath","RapidScore","LongTrendCat","PercChangeCat","ProbDeclBelowLBMCat","PercentileCat","RelAbdCat","AbsAbdCat","RelAbd_LBM","RelAbd_UBM","SpnForAbd_Total","SpnForTrend_Total","ConfidenceRating","IntStatus5","IntStatus3","IntStatus2"
"Case1","Chinook","CU1_Chinook","Abs_Abd",1995,15599,15599,1.60105072998777,21.855943515063,148,64.3559,1.7333,NA,0.81451732996918,2.1855943515063,21855.943515063,NA,NA,NA,"Amber","Node37","AbsLBM = NA OR AbsLBM >= 1.5, then AbsUBM = NA OR AbsUBM >= 1, then Have RelLBM, then RelLBM >= 1, then RelUBM < 1.1",3,"Green","Green",NA,NA,"Amber","Green",13651,26833,15599,15599,"High",NA,NA,NA
"Case1","Chinook","CU1_Chinook","Abs_Abd",1996,36787,36787,1.8092505985158,24.6980799203392,161,53.8007,2.1333,NA,0.920436772643356,2.46980799203392,24698.0799203392,NA,NA,NA,"Amber","Node37","AbsLBM = NA OR AbsLBM >= 1.5, then AbsUBM = NA OR AbsUBM >= 1, then Have RelLBM, then RelLBM >= 1, then RelUBM < 1.1",3,"Green","Green",NA,NA,"Amber","Green",13651,26833,36787,36787,"High",NA,NA,NA
"Case1","Chinook","CU1_Chinook","Abs_Abd",1997,20314,20314,1.90380960035511,25.9889048544477,167,17.4375,6.9333,NA,0.968542647279382,2.59889048544477,25988.9048544477,NA,NA,NA,"Amber","Node37","AbsLBM = NA OR AbsLBM >= 1.5, then AbsUBM = NA OR AbsUBM >= 1, then Have RelLBM, then RelLBM >= 1, then RelUBM < 1.1",3,"Green","Green",NA,NA,"Amber","Green",13651,26833,20314,20314,"High",NA,NA,NA
"Case1","Chinook","CU1_Chinook","Abs_Abd",1998,36950,36950,1.87666082668845,25.618296945124,159,57.0538,1.6667,NA,0.954731000824508,2.5618296945124,25618.296945124,NA,NA,NA,"Amber","Node37","AbsLBM = NA OR AbsLBM >= 1.5, then AbsUBM = NA OR AbsUBM >= 1, then Have RelLBM, then RelLBM >= 1, then RelUBM < 1.1",3,"Green","Green",NA,NA,"Amber","Green",13651,26833,36950,36950,"High",NA,NA,NA
"Case1","Chinook","CU1_Chinook","Abs_Abd",1999,45080,45080,2.44685129301929,33.4019670010064,199,92.2542,0.5333,NA,1.24480926474887,3.34019670010064,33401.9670010064,NA,NA,NA,"Green","Node36","AbsLBM = NA OR AbsLBM >= 1.5, then AbsUBM = NA OR AbsUBM >= 1, then Have RelLBM, then RelLBM >= 1, then RelUBM >= 1.1",1,"Green","Green",NA,NA,"Green","Green",13651,26833,45080,45080,"High",NA,NA,NA
"Case1","Chinook","CU1_Chinook","Abs_Abd",2000,26681,26681,2.2580549619098,30.8247082850307,180,91.8589,0.7,NA,1.14876116293485,3.08247082850307,30824.7082850307,NA,NA,NA,"Green","Node36","AbsLBM = NA OR AbsLBM >= 1.5, then AbsUBM = NA OR AbsUBM >= 1, then Have RelLBM, then RelLBM >= 1, then RelUBM >= 1.1",1,"Green","Green",NA,NA,"Green","Green",13651,26833,26681,26681,"High",NA,NA,NA
"Case1","Chinook","CU1_Chinook","Abs_Abd",2001,32234,32234,2.5343360247173,34.5962210734159,198,76.8912,1,NA,1.28931618057675,3.45962210734159,34596.2210734159,NA,NA,NA,"Green","Node36","AbsLBM = NA OR AbsLBM >= 1.5, then AbsUBM = NA OR AbsUBM >= 1, then Have RelLBM, then RelLBM >= 1, then RelUBM >= 1.1",1,"Green","Green",NA,NA,"Green","Green",13651,26833,32234,32234,"High",NA,NA,NA
"Case1","Chinook","CU1_Chinook","Abs_Abd",2002,56121,56121,2.81346771897471,38.4066478317237,211,145.6327,0.0333,NA,1.43132142629314,3.84066478317237,38406.6478317237,NA,NA,NA,"Green","Node36","AbsLBM = NA OR AbsLBM >= 1.5, then AbsUBM = NA OR AbsUBM >= 1, then Have RelLBM, then RelLBM >= 1, then RelUBM >= 1.1",1,"Green","Green",NA,NA,"Green","Green",13651,26833,56121,56121,"High",NA,NA,NA
"Case1","Chinook","CU1_Chinook","Abs_Abd",2003,35217,35217,2.64505099277197,36.1075911023302,194,101.1936,0.6333,NA,1.34564122917043,3.61075911023302,36107.5911023302,NA,NA,NA,"Green","Node36","AbsLBM = NA OR AbsLBM >= 1.5, then AbsUBM = NA OR AbsUBM >= 1, then Have RelLBM, then RelLBM >= 1, then RelUBM >= 1.1",1,"Green","Green",NA,NA,"Green","Green",13651,26833,35217,35217,"High",NA,NA,NA
"Case1","Chinook","CU1_Chinook","Abs_Abd",2004,17139,17139,2.36799015798489,32.3254336466518,174,37.9968,7.7333,NA,1.20468951092505,3.23254336466518,32325.4336466518,NA,NA,NA,"Green","Node36","AbsLBM = NA OR AbsLBM >= 1.5, then AbsUBM = NA OR AbsUBM >= 1, then Have RelLBM, then RelLBM >= 1, then RelUBM >= 1.1",1,"Green","Green",NA,NA,"Green","Green",13651,26833,17139,17139,"High",NA,NA,NA
"Case1","Chinook","CU1_Chinook","Abs_Abd",2005,17798,17798,2.04124034345644,27.8649719285239,150,-13.7375,36.9,NA,1.03845905893951,2.78649719285239,27864.9719285239,NA,NA,NA,"Amber","Node37","AbsLBM = NA OR AbsLBM >= 1.5, then AbsUBM = NA OR AbsUBM >= 1, then Have RelLBM, then RelLBM >= 1, then RelUBM < 1.1",3,"Green","Green",NA,NA,"Green","Green",13651,26833,17798,17798,"High",NA,NA,NA
"Case1","Chinook","CU1_Chinook","Abs_Abd",2006,65531,65531,2.12189794310313,28.9660288213008,150,39.7842,9.8,NA,1.07949274480307,2.89660288213008,28966.0288213008,NA,NA,NA,"Amber","Node37","AbsLBM = NA OR AbsLBM >= 1.5, then AbsUBM = NA OR AbsUBM >= 1, then Have RelLBM, then RelLBM >= 1, then RelUBM < 1.1",3,"Green","Green",NA,NA,"Green","Green",13651,26833,65531,65531,"High",NA,NA,NA
"Case1","Chinook","CU1_Chinook","Abs_Abd",2007,17298,17298,1.7763779581321,24.2493355064613,126,-21.0309,45.4333,NA,0.903713170590738,2.42493355064613,24249.3355064613,NA,NA,NA,"Amber","Node37","AbsLBM = NA OR AbsLBM >= 1.5, then AbsUBM = NA OR AbsUBM >= 1, then Have RelLBM, then RelLBM >= 1, then RelUBM < 1.1",3,"Green","Amber",NA,NA,"Amber","Green",13651,26833,17298,17298,"High",NA,NA,NA
"Case1","Chinook","CU1_Chinook","Abs_Abd",2008,14906,14906,1.71545482270973,23.4176737848105,123,-36.4299,63.0667,NA,0.872719181038665,2.34176737848105,23417.6737848105,NA,NA,NA,"Amber","Node37","AbsLBM = NA OR AbsLBM >= 1.5, then AbsUBM = NA OR AbsUBM >= 1, then Have RelLBM, then RelLBM >= 1, then RelUBM < 1.1",3,"Green","Red",NA,NA,"Amber","Green",13651,26833,14906,14906,"High",NA,NA,NA
"Case1","Chinook","CU1_Chinook","Abs_Abd",2009,24936,24936,1.86635039032248,25.4775491782922,132,-50.2314,82.9333,NA,0.949485677273961,2.54775491782922,25477.5491782922,NA,NA,NA,"Amber","Node37","AbsLBM = NA OR AbsLBM >= 1.5, then AbsUBM = NA OR AbsUBM >= 1, then Have RelLBM, then RelLBM >= 1, then RelUBM < 1.1",3,"Green","Red",NA,NA,"Amber","Green",13651,26833,24936,24936,"High",NA,NA,NA
"Case1","Chinook","CU1_Chinook","Abs_Abd",2010,79259,79259,1.95723796024859,26.7182553953535,133,-12.7363,39.6333,NA,0.995723750432435,2.67182553953535,26718.2553953535,"Blue","Blue","Blue","Amber","Node37","AbsLBM = NA OR AbsLBM >= 1.5, then AbsUBM = NA OR AbsUBM >= 1, then Have RelLBM, then RelLBM >= 1, then RelUBM < 1.1",3,"Green","Green",NA,NA,"Amber","Green",13651,26833,79259,79259,"High","Blue","Blue","Blue"
"Case1","Chinook","CU1_Chinook","Abs_Abd",2011,19300,19300,2.01156460040979,27.459868360194,137,-14.8488,41.1,NA,1.02336184400529,2.7459868360194,27459.868360194,NA,NA,NA,"Amber","Node37","AbsLBM = NA OR AbsLBM >= 1.5, then AbsUBM = NA OR AbsUBM >= 1, then Have RelLBM, then RelLBM >= 1, then RelUBM < 1.1",3,"Green","Green",NA,NA,"Green","Green",13651,26833,19300,19300,"High",NA,NA,NA
"Case1","Chinook","CU1_Chinook","Abs_Abd",2012,3648,3648,1.41484027005593,19.3139845265335,101,-65.7292,85.3667,NA,0.719784762290221,1.93139845265335,19313.9845265335,NA,NA,NA,"Amber","Node37","AbsLBM = NA OR AbsLBM >= 1.5, then AbsUBM = NA OR AbsUBM >= 1, then Have RelLBM, then RelLBM >= 1, then RelUBM < 1.1",3,"Green","Red",NA,NA,"Amber","Green",13651,26833,3648,3648,"High",NA,NA,NA
"Case1","Chinook","CU1_Chinook","Abs_Abd",2013,24169,24169,1.40383280087802,19.1637215647858,100,-59.8035,78.7333,NA,0.714184830797368,1.91637215647858,19163.7215647858,NA,NA,NA,"Amber","Node37","AbsLBM = NA OR AbsLBM >= 1.5, then AbsUBM = NA OR AbsUBM >= 1, then Have RelLBM, then RelLBM >= 1, then RelUBM < 1.1",3,"Green","Red",NA,NA,"Amber","Green",13651,26833,24169,24169,"High",NA,NA,NA
"Case1","Chinook","CU1_Chinook","Abs_Abd",2014,46158,46158,1.2263515494798,16.7409250019487,85,-20.4186,47.3333,NA,0.623893154024847,1.67409250019487,16740.9250019487,NA,NA,NA,"Amber","Node37","AbsLBM = NA OR AbsLBM >= 1.5, then AbsUBM = NA OR AbsUBM >= 1, then Have RelLBM, then RelLBM >= 1, then RelUBM < 1.1",3,"Green","Amber",NA,NA,"Amber","Green",13651,26833,46158,46158,"High",NA,NA,NA
"Case1","Chinook","CU1_Chinook","Abs_Abd",2015,42282,42282,1.49198527647061,20.3670910091003,102,24.8171,26.5,NA,0.759031454146024,2.03670910091003,20367.0910091003,NA,NA,NA,"Amber","Node37","AbsLBM = NA OR AbsLBM >= 1.5, then AbsUBM = NA OR AbsUBM >= 1, then Have RelLBM, then RelLBM >= 1, then RelUBM < 1.1",3,"Green","Green",NA,NA,"Amber","Green",13651,26833,42282,42282,"High",NA,NA,NA
"Case1","Chinook","CU1_Chinook","Abs_Abd",2016,6600,6600,1.73036138130137,23.621163216145,121,-38.1783,58.7333,NA,0.880302732312636,2.3621163216145,23621.163216145,NA,NA,NA,"Amber","Node37","AbsLBM = NA OR AbsLBM >= 1.5, then AbsUBM = NA OR AbsUBM >= 1, then Have RelLBM, then RelLBM >= 1, then RelUBM < 1.1",3,"Green","Red",NA,NA,"Amber","Green",13651,26833,6600,6600,"High",NA,NA,NA
"Case1","Chinook","CU1_Chinook","Abs_Abd",2017,13091,13091,1.48444923116784,20.2642164546722,105,-55.5292,71.9667,NA,0.755197572193648,2.02642164546722,20264.2164546722,NA,NA,NA,"Amber","Node37","AbsLBM = NA OR AbsLBM >= 1.5, then AbsUBM = NA OR AbsUBM >= 1, then Have RelLBM, then RelLBM >= 1, then RelUBM < 1.1",3,"Green","Red",NA,NA,"Amber","Green",13651,26833,13091,13091,"High",NA,NA,NA
"Case1","Chinook","CU1_Chinook","Abs_Abd",2018,17149,17149,1.15894627381941,15.8207755839088,82,-30.1623,53.1667,NA,0.589601445381014,1.58207755839088,15820.7755839088,NA,NA,NA,"Amber","Node37","AbsLBM = NA OR AbsLBM >= 1.5, then AbsUBM = NA OR AbsUBM >= 1, then Have RelLBM, then RelLBM >= 1, then RelUBM < 1.1",3,"Green","Red",NA,NA,"Amber","Green",13651,26833,17149,17149,"High",NA,NA,NA
"Case1","Chinook","CU1_Chinook","Abs_Abd",2019,27824,27824,1.04382889375574,14.2493082286595,73,-21.7589,48.1333,NA,0.53103671705212,1.42493082286595,14249.3082286595,NA,NA,NA,"Amber","Node37","AbsLBM = NA OR AbsLBM >= 1.5, then AbsUBM = NA OR AbsUBM >= 1, then Have RelLBM, then RelLBM >= 1, then RelUBM < 1.1",3,"Amber","Amber",NA,NA,"Amber","Green",13651,26833,27824,27824,"High",NA,NA,NA
"Case1","Chinook","CU1_Chinook","Abs_Abd",2020,24139,24139,1.44352114198341,19.7055071092156,101,-24.3358,49.6333,NA,0.734375847248372,1.97055071092156,19705.5071092156,NA,NA,NA,"Amber","Node37","AbsLBM = NA OR AbsLBM >= 1.5, then AbsUBM = NA OR AbsUBM >= 1, then Have RelLBM, then RelLBM >= 1, then RelUBM < 1.1",3,"Green","Amber",NA,NA,"Amber","Green",13651,26833,24139,24139,"High",NA,NA,NA
"Case1","Chinook","CU1_Chinook","Abs_Abd",2021,30699,30699,1.78632715601914,24.3851520068173,124,-4.1492,38.7667,NA,0.908774717952419,2.43851520068173,24385.1520068173,NA,NA,NA,"Amber","Node37","AbsLBM = NA OR AbsLBM >= 1.5, then AbsUBM = NA OR AbsUBM >= 1, then Have RelLBM, then RelLBM >= 1, then RelUBM < 1.1",3,"Green","Green",NA,NA,"Amber","Green",13651,26833,30699,30699,"High",NA,NA,NA
"Case1","Chinook","CU1_Chinook","Abs_Abd",2022,35675,35675,2.14532105863285,29.285777771397,147,124.8874,6.2,NA,1.09140900277259,2.9285777771397,29285.777771397,NA,NA,NA,"Amber","Node37","AbsLBM = NA OR AbsLBM >= 1.5, then AbsUBM = NA OR AbsUBM >= 1, then Have RelLBM, then RelLBM >= 1, then RelUBM < 1.1",3,"Green","Green",NA,NA,"Green","Green",13651,26833,35675,35675,"High",NA,NA,NA
"Case1","Chinook","CU1_Chinook","Abs_Abd",2023,84199,84199,2.82952892622137,38.625899371848,188,308.5547,1.8667,NA,1.43949239264517,3.8625899371848,38625.899371848,NA,NA,NA,"Green","Node36","AbsLBM = NA OR AbsLBM >= 1.5, then AbsUBM = NA OR AbsUBM >= 1, then Have RelLBM, then RelLBM >= 1, then RelUBM >= 1.1",1,"Green","Green",NA,NA,"Green","Green",13651,26833,84199,84199,"High",NA,NA,NA
"Case3","Chinook","CU3_Chinook","Rel_Idx",1995,8202,8202,NA,NA,104,-32.0299,60.4,NA,NA,NA,7695.60009356953,NA,NA,NA,"Amber","Node65","AbsLBM = NA OR AbsLBM >= 1.5, then AbsUBM = NA OR AbsUBM >= 1, then Don't have RelLBM, then LongTrend >= 79, then PercChange >= -70, then LongTrend < 233",3,"Green","Red",NA,NA,NA,NA,21244,48317,8144,8144,"Low",NA,NA,NA
"Case3","Chinook","CU3_Chinook","Rel_Idx",1996,34238,34238,NA,NA,126,12.0808,23.3,NA,NA,NA,9944.00090830677,NA,NA,NA,"Amber","Node65","AbsLBM = NA OR AbsLBM >= 1.5, then AbsUBM = NA OR AbsUBM >= 1, then Don't have RelLBM, then LongTrend >= 79, then PercChange >= -70, then LongTrend < 233",3,"Green","Green",NA,NA,NA,NA,21244,48317,35041,35041,"Low",NA,NA,NA
"Case3","Chinook","CU3_Chinook","Rel_Idx",1997,36529,36529,NA,NA,172,81.8319,8.0667,NA,NA,NA,14481.2101107861,NA,NA,NA,"Amber","Node65","AbsLBM = NA OR AbsLBM >= 1.5, then AbsUBM = NA OR AbsUBM >= 1, then Don't have RelLBM, then LongTrend >= 79, then PercChange >= -70, then LongTrend < 233",3,"Green","Green",NA,NA,NA,NA,21244,48317,35733,35733,"Low",NA,NA,NA
"Case3","Chinook","CU3_Chinook","Rel_Idx",1998,66816,66816,NA,NA,313,255.158,2.3333,NA,NA,NA,28773.0964915603,NA,NA,NA,"Green","Node64"," AbsLBM = NA OR AbsLBM >= 1.5, then AbsUBM = NA OR AbsUBM >= 1, then Don't have RelLBM, then LongTrend >= 79, then PercChange >= -70, then LongTrend >= 233",1,"Green","Green",NA,NA,NA,NA,21244,48317,66796,66796,"Low",NA,NA,NA
"Case3","Chinook","CU3_Chinook","Rel_Idx",1999,19015,19015,NA,NA,375,307.5807,1.4667,NA,NA,NA,35504.2827324722,NA,NA,NA,"Green","Node64"," AbsLBM = NA OR AbsLBM >= 1.5, then AbsUBM = NA OR AbsUBM >= 1, then Don't have RelLBM, then LongTrend >= 79, then PercChange >= -70, then LongTrend >= 233",1,"Green","Green",NA,NA,NA,NA,21244,48317,19095,19095,"Low",NA,NA,NA
"Case3","Chinook","CU3_Chinook","Rel_Idx",2000,16961,16961,NA,NA,307,371.9308,0.9667,NA,NA,NA,29786.2966172216,NA,NA,NA,"Green","Node64"," AbsLBM = NA OR AbsLBM >= 1.5, then AbsUBM = NA OR AbsUBM >= 1, then Don't have RelLBM, then LongTrend >= 79, then PercChange >= -70, then LongTrend >= 233",1,"Green","Green",NA,NA,NA,NA,21244,48317,16296,16296,"Low",NA,NA,NA
"Case3","Chinook","CU3_Chinook","Rel_Idx",2001,42619,42619,NA,NA,302,609.0992,0.3,NA,NA,NA,30956.9294886688,NA,NA,NA,"Green","Node64"," AbsLBM = NA OR AbsLBM >= 1.5, then AbsUBM = NA OR AbsUBM >= 1, then Don't have RelLBM, then LongTrend >= 79, then PercChange >= -70, then LongTrend >= 233",1,"Green","Green",NA,NA,NA,NA,21244,48317,42641,42641,"Low",NA,NA,NA
"Case3","Chinook","CU3_Chinook","Rel_Idx",2002,54230,54230,NA,NA,271,590.8089,0.0333,NA,NA,NA,29383.103230796,NA,NA,NA,"Green","Node64"," AbsLBM = NA OR AbsLBM >= 1.5, then AbsUBM = NA OR AbsUBM >= 1, then Don't have RelLBM, then LongTrend >= 79, then PercChange >= -70, then LongTrend >= 233",1,"Green","Green",NA,NA,NA,NA,21244,48317,53525,53525,"Low",NA,NA,NA
"Case3","Chinook","CU3_Chinook","Rel_Idx",2003,47645,47645,NA,NA,323,590.5815,0.2,NA,NA,NA,36968.1664811726,NA,NA,NA,"Green","Node64"," AbsLBM = NA OR AbsLBM >= 1.5, then AbsUBM = NA OR AbsUBM >= 1, then Don't have RelLBM, then LongTrend >= 79, then PercChange >= -70, then LongTrend >= 233",1,"Green","Green",NA,NA,NA,NA,21244,48317,46274,46274,"Low",NA,NA,NA
"Case3","Chinook","CU3_Chinook","Rel_Idx",2004,41221,41221,NA,NA,387,592.6778,0.1333,NA,NA,NA,46157.7551013268,NA,NA,NA,"Green","Node64"," AbsLBM = NA OR AbsLBM >= 1.5, then AbsUBM = NA OR AbsUBM >= 1, then Don't have RelLBM, then LongTrend >= 79, then PercChange >= -70, then LongTrend >= 233",1,"Green","Green",NA,NA,NA,NA,21244,48317,39617,39617,"Low",NA,NA,NA
"Case3","Chinook","CU3_Chinook","Rel_Idx",2005,79712,79712,NA,NA,426,551.7014,0.2667,NA,NA,NA,53978.9945996023,NA,NA,NA,"Green","Node64"," AbsLBM = NA OR AbsLBM >= 1.5, then AbsUBM = NA OR AbsUBM >= 1, then Don't have RelLBM, then LongTrend >= 79, then PercChange >= -70, then LongTrend >= 233",1,"Green","Green",NA,NA,NA,NA,21244,48317,81904,81904,"Low",NA,NA,NA
"Case3","Chinook","CU3_Chinook","Rel_Idx",2006,123977,123977,NA,NA,487,385.0497,0.2667,NA,NA,NA,66374.3331569111,NA,NA,NA,"Green","Node64"," AbsLBM = NA OR AbsLBM >= 1.5, then AbsUBM = NA OR AbsUBM >= 1, then Don't have RelLBM, then LongTrend >= 79, then PercChange >= -70, then LongTrend >= 233",1,"Green","Green",NA,NA,NA,NA,21244,48317,126573,126573,"Low",NA,NA,NA
"Case3","Chinook","CU3_Chinook","Rel_Idx",2007,60267,60267,NA,NA,494,171.0162,0.8667,NA,NA,NA,70390.7725100903,NA,NA,NA,"Green","Node64"," AbsLBM = NA OR AbsLBM >= 1.5, then AbsUBM = NA OR AbsUBM >= 1, then Don't have RelLBM, then LongTrend >= 79, then PercChange >= -70, then LongTrend >= 233",1,"Green","Green",NA,NA,NA,NA,21244,48317,59681,59681,"Low",NA,NA,NA
"Case3","Chinook","CU3_Chinook","Rel_Idx",2008,81487,81487,NA,NA,557,197.1261,0.4,NA,NA,NA,83465.7274621946,NA,NA,NA,"Green","Node64"," AbsLBM = NA OR AbsLBM >= 1.5, then AbsUBM = NA OR AbsUBM >= 1, then Don't have RelLBM, then LongTrend >= 79, then PercChange >= -70, then LongTrend >= 233",1,"Green","Green",NA,NA,NA,NA,21244,48317,82425,82425,"Low",NA,NA,NA
"Case3","Chinook","CU3_Chinook","Rel_Idx",2009,65329,65329,NA,NA,508,195.288,0.4,NA,NA,NA,79415.2228742014,NA,NA,NA,"Green","Node64"," AbsLBM = NA OR AbsLBM >= 1.5, then AbsUBM = NA OR AbsUBM >= 1, then Don't have RelLBM, then LongTrend >= 79, then PercChange >= -70, then LongTrend >= 233",1,"Green","Green",NA,NA,NA,NA,21244,48317,65224,65224,"Low",NA,NA,NA
"Case3","Chinook","CU3_Chinook","Rel_Idx",2010,86752,86752,NA,NA,443,319.4216,0,NA,NA,NA,72633.7308310153,NA,NA,NA,"Green","Node64"," AbsLBM = NA OR AbsLBM >= 1.5, then AbsUBM = NA OR AbsUBM >= 1, then Don't have RelLBM, then LongTrend >= 79, then PercChange >= -70, then LongTrend >= 233",1,"Green","Green",NA,NA,NA,NA,21244,48317,88432,88432,"Low",NA,NA,NA
"Case3","Chinook","CU3_Chinook","Rel_Idx",2011,116639,116639,NA,NA,495,258.7504,0.0333,NA,NA,NA,85670.1260292584,NA,NA,NA,"Green","Node64"," AbsLBM = NA OR AbsLBM >= 1.5, then AbsUBM = NA OR AbsUBM >= 1, then Don't have RelLBM, then LongTrend >= 79, then PercChange >= -70, then LongTrend >= 233",1,"Green","Green",NA,NA,NA,NA,21244,48317,113096,113096,"Low",NA,NA,NA
"Case3","Chinook","CU3_Chinook","Rel_Idx",2012,49029,49029,NA,NA,424,72.5753,1.2333,NA,NA,NA,75451.9698159779,NA,NA,NA,"Green","Node64"," AbsLBM = NA OR AbsLBM >= 1.5, then AbsUBM = NA OR AbsUBM >= 1, then Don't have RelLBM, then LongTrend >= 79, then PercChange >= -70, then LongTrend >= 233",1,"Green","Green",NA,NA,NA,NA,21244,48317,47044,47044,"Low",NA,NA,NA
"Case3","Chinook","CU3_Chinook","Rel_Idx",2013,97042,97042,NA,NA,449,61.4547,1.7333,NA,NA,NA,83297.8926557883,NA,NA,NA,"Green","Node64"," AbsLBM = NA OR AbsLBM >= 1.5, then AbsUBM = NA OR AbsUBM >= 1, then Don't have RelLBM, then LongTrend >= 79, then PercChange >= -70, then LongTrend >= 233",1,"Green","Green",NA,NA,NA,NA,21244,48317,96148,96148,"Low",NA,NA,NA
"Case3","Chinook","CU3_Chinook","Rel_Idx",2014,41229,41229,NA,NA,365,13.6968,14.2,NA,NA,NA,69161.5695707444,NA,NA,NA,"Green","Node64"," AbsLBM = NA OR AbsLBM >= 1.5, then AbsUBM = NA OR AbsUBM >= 1, then Don't have RelLBM, then LongTrend >= 79, then PercChange >= -70, then LongTrend >= 233",1,"Green","Green",NA,NA,NA,NA,21244,48317,41804,41804,"Low",NA,NA,NA
"Case3","Chinook","CU3_Chinook","Rel_Idx",2015,140118,140118,NA,NA,364,26.0466,11.2333,NA,NA,NA,72406.4702007366,NA,NA,NA,"Green","Node64"," AbsLBM = NA OR AbsLBM >= 1.5, then AbsUBM = NA OR AbsUBM >= 1, then Don't have RelLBM, then LongTrend >= 79, then PercChange >= -70, then LongTrend >= 233",1,"Green","Green",NA,NA,NA,NA,21244,48317,148035,148035,"Low",NA,NA,NA
"Case3","Chinook","CU3_Chinook","Rel_Idx",2016,94338,94338,NA,NA,413,2.7655,19.7,NA,NA,NA,85277.7598840533,NA,NA,NA,"Green","Node64"," AbsLBM = NA OR AbsLBM >= 1.5, then AbsUBM = NA OR AbsUBM >= 1, then Don't have RelLBM, then LongTrend >= 79, then PercChange >= -70, then LongTrend >= 233",1,"Green","Green",NA,NA,NA,NA,21244,48317,96332,96332,"Low",NA,NA,NA
"Case3","Chinook","CU3_Chinook","Rel_Idx",2017,77232,77232,NA,NA,378,-0.131,22.7,NA,NA,NA,80546.220987345,NA,NA,NA,"Green","Node64"," AbsLBM = NA OR AbsLBM >= 1.5, then AbsUBM = NA OR AbsUBM >= 1, then Don't have RelLBM, then LongTrend >= 79, then PercChange >= -70, then LongTrend >= 233",1,"Green","Green",NA,NA,NA,NA,21244,48317,75752,75752,"Low",NA,NA,NA
"Case3","Chinook","CU3_Chinook","Rel_Idx",2018,29846,29846,NA,NA,346,-19.7067,42.6333,NA,NA,NA,74296.0975320697,NA,NA,NA,"Green","Node64"," AbsLBM = NA OR AbsLBM >= 1.5, then AbsUBM = NA OR AbsUBM >= 1, then Don't have RelLBM, then LongTrend >= 79, then PercChange >= -70, then LongTrend >= 233",1,"Green","Amber",NA,NA,NA,NA,21244,48317,29909,29909,"Low",NA,NA,NA
"Case3","Chinook","CU3_Chinook","Rel_Idx",2019,153280,153280,NA,NA,339,2.3269,26.1,NA,NA,NA,75982.5550096581,NA,NA,NA,"Green","Node64"," AbsLBM = NA OR AbsLBM >= 1.5, then AbsUBM = NA OR AbsUBM >= 1, then Don't have RelLBM, then LongTrend >= 79, then PercChange >= -70, then LongTrend >= 233",1,"Green","Green",NA,NA,NA,NA,21244,48317,150406,150406,"Low",NA,NA,NA
"Case3","Chinook","CU3_Chinook","Rel_Idx",2020,294094,294094,NA,NA,426,82.9271,6.9333,NA,NA,NA,100963.353684558,NA,NA,NA,"Green","Node64"," AbsLBM = NA OR AbsLBM >= 1.5, then AbsUBM = NA OR AbsUBM >= 1, then Don't have RelLBM, then LongTrend >= 79, then PercChange >= -70, then LongTrend >= 233",1,"Green","Green",NA,NA,NA,NA,21244,48317,293082,293082,"Low",NA,NA,NA
"Case3","Chinook","CU3_Chinook","Rel_Idx",2021,159641,159641,NA,NA,491,103.7879,5.3,NA,NA,NA,121059.96877441,NA,NA,NA,"Green","Node64"," AbsLBM = NA OR AbsLBM >= 1.5, then AbsUBM = NA OR AbsUBM >= 1, then Don't have RelLBM, then LongTrend >= 79, then PercChange >= -70, then LongTrend >= 233",1,"Green","Green",NA,NA,NA,NA,21244,48317,153474,153474,"Low",NA,NA,NA
"Case3","Chinook","CU3_Chinook","Rel_Idx",2022,83669,83669,NA,NA,619,85.8706,7.5333,NA,NA,NA,156646.309821152,NA,NA,NA,"Green","Node64"," AbsLBM = NA OR AbsLBM >= 1.5, then AbsUBM = NA OR AbsUBM >= 1, then Don't have RelLBM, then LongTrend >= 79, then PercChange >= -70, then LongTrend >= 233",1,"Green","Green",NA,NA,NA,NA,21244,48317,82698,82698,"Low",NA,NA,NA
"Case3","Chinook","CU3_Chinook","Rel_Idx",2023,618250,618250,NA,NA,822,378.8124,0.9,NA,NA,NA,221993.279374534,NA,NA,NA,"Green","Node64"," AbsLBM = NA OR AbsLBM >= 1.5, then AbsUBM = NA OR AbsUBM >= 1, then Don't have RelLBM, then LongTrend >= 79, then PercChange >= -70, then LongTrend >= 233",1,"Green","Green",NA,NA,NA,NA,21244,48317,598368,598368,"Low",NA,NA,NA
"Case5","Chinook","CU5_Chinook","Abs_Abd",1995,NA,NA,NA,NA,NA,NA,NA,NA,NA,NA,NA,NA,NA,NA,"DD","Node16.NA","No LongTrend, so no SynStatus",NA,NA,NA,NA,NA,NA,NA,NA,NA,NA,NA,NA,NA,NA,NA
"Case5","Chinook","CU5_Chinook","Abs_Abd",1996,NA,NA,NA,NA,NA,NA,NA,NA,NA,NA,NA,NA,NA,NA,"DD","Node16.NA","No LongTrend, so no SynStatus",NA,NA,NA,NA,NA,NA,NA,NA,NA,NA,NA,NA,NA,NA,NA
"Case5","Chinook","CU5_Chinook","Abs_Abd",1997,NA,NA,NA,NA,NA,NA,NA,NA,NA,NA,NA,NA,NA,NA,"DD","Node16.NA","No LongTrend, so no SynStatus",NA,NA,NA,NA,NA,NA,NA,NA,NA,NA,NA,NA,NA,NA,NA
"Case5","Chinook","CU5_Chinook","Abs_Abd",1998,NA,NA,NA,NA,NA,NA,NA,NA,NA,NA,NA,NA,NA,NA,"DD","Node16.NA","No LongTrend, so no SynStatus",NA,NA,NA,NA,NA,NA,NA,NA,NA,NA,NA,NA,NA,NA,NA
"Case5","Chinook","CU5_Chinook","Abs_Abd",1999,NA,NA,NA,NA,NA,NA,NA,NA,NA,NA,NA,NA,NA,NA,"DD","Node16.NA","No LongTrend, so no SynStatus",NA,NA,NA,NA,NA,NA,NA,NA,NA,NA,NA,NA,NA,NA,NA
"Case5","Chinook","CU5_Chinook","Abs_Abd",2000,NA,NA,NA,NA,NA,NA,NA,NA,NA,NA,NA,NA,NA,NA,"DD","Node16.NA","No LongTrend, so no SynStatus",NA,NA,NA,NA,NA,NA,NA,NA,NA,NA,NA,NA,NA,NA,NA
"Case5","Chinook","CU5_Chinook","Abs_Abd",2001,NA,NA,NA,NA,NA,NA,NA,NA,NA,NA,NA,NA,NA,NA,"DD","Node16.NA","No LongTrend, so no SynStatus",NA,NA,NA,NA,NA,NA,NA,NA,NA,NA,NA,NA,NA,NA,NA
"Case5","Chinook","CU5_Chinook","Abs_Abd",2002,NA,NA,NA,NA,NA,NA,NA,NA,NA,NA,NA,NA,NA,NA,"DD","Node16.NA","No LongTrend, so no SynStatus",NA,NA,NA,NA,NA,NA,NA,NA,NA,NA,NA,NA,NA,NA,NA
"Case5","Chinook","CU5_Chinook","Abs_Abd",2003,NA,NA,NA,NA,NA,NA,NA,NA,NA,NA,NA,NA,NA,NA,"DD","Node16.NA","No LongTrend, so no SynStatus",NA,NA,NA,NA,NA,NA,NA,NA,NA,NA,NA,NA,NA,NA,NA
"Case5","Chinook","CU5_Chinook","Abs_Abd",2004,NA,NA,NA,NA,NA,NA,NA,NA,NA,NA,NA,NA,NA,NA,"DD","Node16.NA","No LongTrend, so no SynStatus",NA,NA,NA,NA,NA,NA,NA,NA,NA,NA,NA,NA,NA,NA,NA
"Case5","Chinook","CU5_Chinook","Abs_Abd",2005,NA,NA,NA,NA,NA,NA,NA,NA,NA,NA,NA,NA,NA,NA,"DD","Node16.NA","No LongTrend, so no SynStatus",NA,NA,NA,NA,NA,NA,NA,NA,NA,NA,NA,NA,NA,NA,NA
"Case5","Chinook","CU5_Chinook","Abs_Abd",2006,36,36,NA,NA,NA,NA,NA,NA,NA,NA,NA,NA,NA,NA,"DD","Node16.NA","No LongTrend, so no SynStatus",NA,NA,NA,NA,NA,NA,NA,NA,NA,38,38,NA,NA,NA,NA
"Case5","Chinook","CU5_Chinook","Abs_Abd",2007,8,8,NA,NA,NA,NA,NA,NA,NA,NA,NA,NA,NA,NA,"DD","Node16.NA","No LongTrend, so no SynStatus",NA,NA,NA,NA,NA,NA,NA,NA,NA,8,8,NA,NA,NA,NA
"Case5","Chinook","CU5_Chinook","Abs_Abd",2008,12,12,NA,NA,NA,NA,NA,NA,NA,NA,NA,NA,NA,NA,"DD","Node16.NA","No LongTrend, so no SynStatus",NA,NA,NA,NA,NA,NA,NA,NA,NA,15,15,NA,NA,NA,NA
"Case5","Chinook","CU5_Chinook","Abs_Abd",2009,7,7,NA,0.0124714785315049,NA,NA,NA,NA,NA,0.00124714785315049,12.4714785315049,NA,NA,NA,"Red","Node3","Have AbsLBM, then AbsLBM < 1.5",5,NA,NA,NA,NA,NA,"Red",NA,NA,7,7,"High",NA,NA,NA
"Case5","Chinook","CU5_Chinook","Abs_Abd",2010,5,5,NA,0.00761350819167864,NA,NA,NA,NA,NA,0.000761350819167864,7.61350819167864,NA,NA,NA,"Red","Node3","Have AbsLBM, then AbsLBM < 1.5",5,NA,NA,NA,NA,NA,"Red",NA,NA,5,5,"High",NA,NA,NA
"Case5","Chinook","CU5_Chinook","Abs_Abd",2011,18,18,NA,0.00932460511105626,NA,NA,NA,NA,NA,0.000932460511105626,9.32460511105626,NA,NA,NA,"Red","Node3","Have AbsLBM, then AbsLBM < 1.5",5,NA,NA,NA,NA,NA,"Red",NA,NA,23,23,"High",NA,NA,NA
"Case5","Chinook","CU5_Chinook","Abs_Abd",2012,11,11,NA,0.00912395865581764,NA,NA,NA,NA,NA,0.000912395865581764,9.12395865581764,NA,NA,NA,"Red","Node3","Have AbsLBM, then AbsLBM < 1.5",5,NA,NA,NA,NA,NA,"Red",NA,NA,12,12,"High",NA,NA,NA
"Case5","Chinook","CU5_Chinook","Abs_Abd",2013,39,39,NA,0.0140176415536193,NA,NA,NA,NA,NA,0.00140176415536193,14.0176415536193,NA,NA,NA,"Red","Node3","Have AbsLBM, then AbsLBM < 1.5",5,NA,NA,NA,NA,NA,"Red",NA,NA,45,45,"High",NA,NA,NA
"Case5","Chinook","CU5_Chinook","Abs_Abd",2014,50,50,NA,0.0249272833521072,NA,NA,NA,NA,NA,0.00249272833521072,24.9272833521072,NA,NA,NA,"Red","Node3","Have AbsLBM, then AbsLBM < 1.5",5,NA,NA,NA,NA,NA,"Red",NA,NA,58,58,"High",NA,NA,NA
"Case5","Chinook","CU5_Chinook","Abs_Abd",2015,60,60,NA,0.033681749124286,NA,NA,NA,NA,NA,0.0033681749124286,33.681749124286,NA,NA,NA,"Red","Node3","Have AbsLBM, then AbsLBM < 1.5",5,NA,NA,NA,NA,NA,"Red",NA,NA,67,67,"High",NA,NA,NA
"Case5","Chinook","CU5_Chinook","Abs_Abd",2016,41,41,NA,0.0467996310862947,NA,NA,NA,NA,NA,0.00467996310862947,46.7996310862947,NA,NA,NA,"Red","Node3","Have AbsLBM, then AbsLBM < 1.5",5,NA,NA,NA,NA,NA,"Red",NA,NA,43,43,"High",NA,NA,NA
"Case5","Chinook","CU5_Chinook","Abs_Abd",2017,57,57,NA,0.0514570626798105,NA,449.2538,0.5333,NA,NA,0.00514570626798105,51.4570626798105,NA,NA,NA,"Red","Node3","Have AbsLBM, then AbsLBM < 1.5",5,NA,"Green",NA,NA,NA,"Red",NA,NA,60,60,"High",NA,NA,NA
"Case5","Chinook","CU5_Chinook","Abs_Abd",2018,10,10,NA,0.0344114117896874,NA,448.7343,0.6667,NA,NA,0.00344114117896874,34.4114117896874,NA,NA,NA,"Red","Node3","Have AbsLBM, then AbsLBM < 1.5",5,NA,"Green",NA,NA,NA,"Red",NA,NA,11,11,"High",NA,NA,NA
"Case5","Chinook","CU5_Chinook","Abs_Abd",2019,16,16,NA,0.0247283235089792,NA,235.6099,2.6,NA,NA,0.00247283235089792,24.7283235089792,NA,NA,NA,"Red","Node3","Have AbsLBM, then AbsLBM < 1.5",5,NA,"Green",NA,NA,NA,"Red",NA,NA,16,16,"High",NA,NA,NA
"Case5","Chinook","CU5_Chinook","Abs_Abd",2020,78,78,NA,0.0290417217595422,137,370.3303,1.8333,NA,NA,0.00290417217595422,29.0417217595422,NA,NA,NA,"Red","Node3","Have AbsLBM, then AbsLBM < 1.5",5,"Green","Green",NA,NA,NA,"Red",NA,NA,90,90,"High",NA,NA,NA
"Case5","Chinook","CU5_Chinook","Abs_Abd",2021,81,81,NA,0.0317084418278692,137,336.0039,1.5667,NA,NA,0.00317084418278692,31.7084418278692,NA,NA,NA,"Red","Node3","Have AbsLBM, then AbsLBM < 1.5",5,"Green","Green",NA,NA,NA,"Red",NA,NA,83,83,"High",NA,NA,NA
"Case5","Chinook","CU5_Chinook","Abs_Abd",2022,26,26,NA,0.0402641224402628,173,81.776,12.1667,NA,NA,0.00402641224402627,40.2641224402628,NA,NA,NA,"Red","Node3","Have AbsLBM, then AbsLBM < 1.5",5,"Green","Green",NA,NA,NA,"Red",NA,NA,26,26,"High",NA,NA,NA
"Case5","Chinook","CU5_Chinook","Abs_Abd",2023,13,13,NA,0.0382273401065942,170,-6.3152,38.1,NA,NA,0.00382273401065942,38.2273401065942,NA,NA,NA,"Red","Node3","Have AbsLBM, then AbsLBM < 1.5",5,"Green","Green",NA,NA,NA,"Red",NA,NA,22,22,"High",NA,NA,NA
"Case2","Sockeye","CU2_Sockeye","Abs_Abd",1995,971,642,0.580233397866247,2.73289930395002,61,-48.7545,91.3667,0.2093,0.161271055349346,0.273289930395002,2732.89930395003,NA,NA,NA,"Red","Node23","Have AbsLBM, then AbsLBM >= 1.5, then have AbsUBM, then AbsUBM < 1,then Have RelLBM, then RelLBM < 1",5,"Amber","Red",NA,"Red","Red","Amber",4710,16946,971,642,"High",NA,NA,NA
"Case2","Sockeye","CU2_Sockeye","Abs_Abd",1996,38579,20737,0.868575862272581,4.09099231130386,80,-36.0811,67.4,0.3864,0.241413449268492,0.409099231130386,4090.99231130386,NA,NA,NA,"Red","Node23","Have AbsLBM, then AbsLBM >= 1.5, then have AbsUBM, then AbsUBM < 1,then Have RelLBM, then RelLBM < 1",5,"Green","Red",NA,"Amber","Red","Amber",4710,16946,38579,20737,"High",NA,NA,NA
"Case2","Sockeye","CU2_Sockeye","Abs_Abd",1997,4683,2239,0.863819370848554,4.06858923669669,97,-1.4794,22.8667,0.5333,0.240091421969591,0.406858923669669,4068.58923669669,NA,NA,NA,"Red","Node23","Have AbsLBM, then AbsLBM >= 1.5, then have AbsUBM, then AbsUBM < 1,then Have RelLBM, then RelLBM < 1",5,"Green","Green",NA,"Green","Red","Amber",4710,16946,4683,2239,"High",NA,NA,NA
"Case2","Sockeye","CU2_Sockeye","Abs_Abd",1998,6494,3509,1.23347613820556,5.80967261094819,122,67.7818,2.7333,0.6304,0.342834451253876,0.580967261094819,5809.67261094819,NA,NA,NA,"Amber","Node22","Have AbsLBM, then AbsLBM >= 1.5, then have AbsUBM, then AbsUBM < 1,then Have RelLBM, then RelLBM >= 1",3,"Green","Green",NA,"Green","Amber","Amber",4710,16946,6494,3509,"High",NA,NA,NA
"Case2","Sockeye","CU2_Sockeye","Abs_Abd",1999,6685,3159,1.99802674760133,9.41070598120225,160,195.826,0.2333,0.7447,0.555334945190738,0.941070598120225,9410.70598120225,NA,NA,NA,"Amber","Node22","Have AbsLBM, then AbsLBM >= 1.5, then have AbsUBM, then AbsUBM < 1,then Have RelLBM, then RelLBM >= 1",3,"Green","Green",NA,"Green","Amber","Amber",4710,16946,6685,3159,"High",NA,NA,NA
"Case2","Sockeye","CU2_Sockeye","Abs_Abd",2000,54878,25786,2.18204209788703,10.2774182810479,191,406.8749,0.0333,0.7917,0.606480483951841,1.02774182810479,10277.4182810479,NA,NA,NA,"Amber","Node37","AbsLBM = NA OR AbsLBM >= 1.5, then AbsUBM = NA OR AbsUBM >= 1, then Have RelLBM, then RelLBM >= 1, then RelUBM < 1.1",3,"Green","Green",NA,"Green","Amber","Green",4710,16946,54878,25786,"High",NA,NA,NA
"Case2","Sockeye","CU2_Sockeye","Abs_Abd",2001,28906,15034,3.43937147672775,16.1994396553877,257,790.9076,0,0.9592,0.955944745390518,1.61994396553877,16199.4396553877,NA,NA,NA,"Amber","Node37","AbsLBM = NA OR AbsLBM >= 1.5, then AbsUBM = NA OR AbsUBM >= 1, then Have RelLBM, then RelLBM >= 1, then RelUBM < 1.1",3,"Green","Green",NA,"Green","Amber","Green",4710,16946,28906,15034,"High",NA,NA,NA
"Case2","Sockeye","CU2_Sockeye","Abs_Abd",2002,17442,7898,4.40301418624939,20.7381968172346,331,1251.0532,0,0.96,1.22378123552665,2.07381968172346,20738.1968172346,NA,NA,NA,"Green","Node36","AbsLBM = NA OR AbsLBM >= 1.5, then AbsUBM = NA OR AbsUBM >= 1, then Have RelLBM, then RelLBM >= 1, then RelUBM >= 1.1",1,"Green","Green",NA,"Green","Green","Green",4710,16946,17442,7898,"High",NA,NA,NA
"Case2","Sockeye","CU2_Sockeye","Abs_Abd",2003,8710,4876,4.7041295179583,22.1564500295836,395,1504.9143,0,0.9608,1.30747374186142,2.21564500295836,22156.4500295836,NA,NA,NA,"Green","Node36","AbsLBM = NA OR AbsLBM >= 1.5, then AbsUBM = NA OR AbsUBM >= 1, then Have RelLBM, then RelLBM >= 1, then RelUBM >= 1.1",1,"Green","Green",NA,"Green","Green","Green",4710,16946,8710,4876,"High",NA,NA,NA
"Case2","Sockeye","CU2_Sockeye","Abs_Abd",2004,5344,3115,2.6278242382259,12.377052162044,412,1035.2412,0,0.9615,0.730381928599315,1.2377052162044,12377.052162044,NA,NA,NA,"Amber","Node37","AbsLBM = NA OR AbsLBM >= 1.5, then AbsUBM = NA OR AbsUBM >= 1, then Have RelLBM, then RelLBM >= 1, then RelUBM < 1.1",3,"Green","Green",NA,"Green","Amber","Green",4710,16946,5344,3115,"High",NA,NA,NA
"Case2","Sockeye","CU2_Sockeye","Abs_Abd",2005,25805,16051,2.55431986188529,12.0308465494797,383,686.2365,0,0.9623,0.709951997490837,1.20308465494797,12030.8465494797,NA,NA,NA,"Amber","Node37","AbsLBM = NA OR AbsLBM >= 1.5, then AbsUBM = NA OR AbsUBM >= 1, then Have RelLBM, then RelLBM >= 1, then RelUBM < 1.1",3,"Green","Green",NA,"Green","Amber","Green",4710,16946,25805,16051,"High",NA,NA,NA
"Case2","Sockeye","CU2_Sockeye","Abs_Abd",2006,5457,3223,1.9103577223251,8.99778487215124,322,368.3574,0,0.9444,0.530968067517481,0.899778487215124,8997.78487215124,NA,NA,NA,"Amber","Node22","Have AbsLBM, then AbsLBM >= 1.5, then have AbsUBM, then AbsUBM < 1,then Have RelLBM, then RelLBM >= 1",3,"Green","Green",NA,"Green","Amber","Amber",4710,16946,5457,3223,"High",NA,NA,NA
"Case2","Sockeye","CU2_Sockeye","Abs_Abd",2007,13156,7575,2.11783014508339,9.97497998334276,271,191.8168,0.2,0.9091,0.588633304811918,0.997497998334276,9974.97998334276,NA,NA,NA,"Amber","Node22","Have AbsLBM, then AbsLBM >= 1.5, then have AbsUBM, then AbsUBM < 1,then Have RelLBM, then RelLBM >= 1",3,"Green","Green",NA,"Green","Amber","Amber",4710,16946,13156,7575,"High",NA,NA,NA
"Case2","Sockeye","CU2_Sockeye","Abs_Abd",2008,6610,3286,2.23344302561677,10.519516650655,260,100.9037,1.2667,0.8929,0.620766945040423,1.0519516650655,10519.516650655,NA,NA,NA,"Amber","Node37","AbsLBM = NA OR AbsLBM >= 1.5, then AbsUBM = NA OR AbsUBM >= 1, then Have RelLBM, then RelLBM >= 1, then RelUBM < 1.1",3,"Green","Green",NA,"Green","Amber","Green",4710,16946,6610,3286,"High",NA,NA,NA
"Case2","Sockeye","CU2_Sockeye","Abs_Abd",2009,10337,5651,1.77683680478327,8.36890135052922,235,15.4429,11.1667,0.8772,0.493857037090123,0.836890135052922,8368.90135052922,NA,NA,NA,"Amber","Node22","Have AbsLBM, then AbsLBM >= 1.5, then have AbsUBM, then AbsUBM < 1,then Have RelLBM, then RelLBM >= 1",3,"Green","Green",NA,"Green","Amber","Amber",4710,16946,10337,5651,"High",NA,NA,NA
"Case2","Sockeye","CU2_Sockeye","Abs_Abd",2010,4504,2218,1.6935914342784,7.97681565545127,220,-29.5445,58.3333,0.8621,0.470719677531646,0.797681565545127,7976.81565545127,NA,NA,NA,"Amber","Node22","Have AbsLBM, then AbsLBM >= 1.5, then have AbsUBM, then AbsUBM < 1,then Have RelLBM, then RelLBM >= 1",3,"Green","Red",NA,"Green","Amber","Amber",4710,16946,4504,2218,"High",NA,NA,NA
"Case2","Sockeye","CU2_Sockeye","Abs_Abd",2011,7580,4313,1.47551960296842,6.94969732998125,193,-50.5359,95.6,0.7966,0.410108422635504,0.694969732998125,6949.69732998125,NA,NA,NA,"Amber","Node22","Have AbsLBM, then AbsLBM >= 1.5, then have AbsUBM, then AbsUBM < 1,then Have RelLBM, then RelLBM >= 1",3,"Green","Red",NA,"Green","Amber","Amber",4710,16946,7580,4313,"High",NA,NA,NA
"Case2","Sockeye","CU2_Sockeye","Abs_Abd",2012,3044,1619,1.21550228844467,5.72501577857438,163,-66.5377,100,0.7167,0.337838768946912,0.572501577857438,5725.01577857438,NA,NA,NA,"Amber","Node22","Have AbsLBM, then AbsLBM >= 1.5, then have AbsUBM, then AbsUBM < 1,then Have RelLBM, then RelLBM >= 1",3,"Green","Red",NA,"Green","Amber","Amber",4710,16946,3044,1619,"High",NA,NA,NA
"Case2","Sockeye","CU2_Sockeye","Abs_Abd",2013,15206,8446,1.33863106205349,6.30495230227194,150,-68.6089,100,0.6557,0.372061389252445,0.630495230227194,6304.95230227194,NA,NA,NA,"Amber","Node22","Have AbsLBM, then AbsLBM >= 1.5, then have AbsUBM, then AbsUBM < 1,then Have RelLBM, then RelLBM >= 1",3,"Green","Red",NA,"Green","Amber","Amber",4710,16946,15206,8446,"High",NA,NA,NA
"Case2","Sockeye","CU2_Sockeye","Abs_Abd",2014,15977,8889,1.83710979041931,8.65278711287497,153,-59.4352,99.4667,0.6613,0.510609413010443,0.865278711287497,8652.78711287497,NA,NA,NA,"Amber","Node22","Have AbsLBM, then AbsLBM >= 1.5, then have AbsUBM, then AbsUBM < 1,then Have RelLBM, then RelLBM >= 1",3,"Green","Red",NA,"Green","Amber","Amber",4710,16946,15977,8889,"High",NA,NA,NA
"Case2","Sockeye","CU2_Sockeye","Abs_Abd",2015,14578,8433,2.16342725514008,10.1897423717098,168,-38.8746,82.0333,0.746,0.601306642966468,1.01897423717098,10189.7423717098,NA,NA,NA,"Amber","Node37","AbsLBM = NA OR AbsLBM >= 1.5, then AbsUBM = NA OR AbsUBM >= 1, then Have RelLBM, then RelLBM >= 1, then RelUBM < 1.1",3,"Green","Red",NA,"Green","Amber","Green",4710,16946,14578,8433,"High",NA,NA,NA
"Case2","Sockeye","CU2_Sockeye","Abs_Abd",2016,6436,3514,2.60876610724927,12.287288365144,202,-16.3299,32.7667,0.8281,0.725084879331054,1.2287288365144,12287.288365144,NA,NA,NA,"Amber","Node37","AbsLBM = NA OR AbsLBM >= 1.5, then AbsUBM = NA OR AbsUBM >= 1, then Have RelLBM, then RelLBM >= 1, then RelUBM < 1.1",3,"Green","Amber",NA,"Green","Amber","Green",4710,16946,6436,3514,"High",NA,NA,NA
"Case2","Sockeye","CU2_Sockeye","Abs_Abd",2017,3779,2099,1.8419405969447,8.67554021160955,219,-2.0105,14.2,0.8615,0.51195209557474,0.867554021160955,8675.54021160955,NA,NA,NA,"Amber","Node22","Have AbsLBM, then AbsLBM >= 1.5, then have AbsUBM, then AbsUBM < 1,then Have RelLBM, then RelLBM >= 1",3,"Green","Green",NA,"Green","Amber","Amber",4710,16946,3779,2099,"High",NA,NA,NA
"Case2","Sockeye","CU2_Sockeye","Abs_Abd",2018,3267,1668,1.23862287061206,5.83391372058278,197,-12.2884,28,0.8333,0.344264942793744,0.583391372058278,5833.91372058278,NA,NA,NA,"Amber","Node22","Have AbsLBM, then AbsLBM >= 1.5, then have AbsUBM, then AbsUBM < 1,then Have RelLBM, then RelLBM >= 1",3,"Green","Green",NA,"Green","Amber","Amber",4710,16946,3267,1668,"High",NA,NA,NA
"Case2","Sockeye","CU2_Sockeye","Abs_Abd",2019,569,338,0.550544812582329,2.59306606726277,141,-39.0735,70.9333,0.6269,0.153019359569383,0.259306606726277,2593.06606726277,NA,NA,NA,"Red","Node23","Have AbsLBM, then AbsLBM >= 1.5, then have AbsUBM, then AbsUBM < 1,then Have RelLBM, then RelLBM < 1",5,"Green","Red",NA,"Green","Red","Amber",4710,16946,569,338,"High",NA,NA,NA
"Case2","Sockeye","CU2_Sockeye","Abs_Abd",2020,4750,2587,0.510284137789518,2.40343828898863,94,-52.9959,85.3667,0.4706,0.141829239288837,0.240343828898863,2403.43828898863,NA,NA,NA,"Red","Node23","Have AbsLBM, then AbsLBM >= 1.5, then have AbsUBM, then AbsUBM < 1,then Have RelLBM, then RelLBM < 1",5,"Green","Red",NA,"Amber","Red","Amber",4710,16946,4750,2587,"High",NA,NA,NA
"Case2","Sockeye","CU2_Sockeye","Abs_Abd",2021,3140,1520,0.487192122522298,2.29467489708002,68,-65.9772,94.5,0.3623,0.135411005374721,0.229467489708002,2294.67489708002,NA,NA,NA,"Red","Node23","Have AbsLBM, then AbsLBM >= 1.5, then have AbsUBM, then AbsUBM < 1,then Have RelLBM, then RelLBM < 1",5,"Amber","Red",NA,"Amber","Red","Amber",4710,16946,3140,1520,"High",NA,NA,NA
"Case2","Sockeye","CU2_Sockeye","Abs_Abd",2022,3498,1693,0.495584740029812,2.33420412554041,54,-74.3113,98.2,0.2571,0.137743663728338,0.233420412554041,2334.20412554041,NA,NA,NA,"Red","Node23","Have AbsLBM, then AbsLBM >= 1.5, then have AbsUBM, then AbsUBM < 1,then Have RelLBM, then RelLBM < 1",5,"Amber","Red",NA,"Amber","Red","Amber",4710,16946,3498,1693,"High",NA,NA,NA
"Case4","Sockeye","CU4_Sockeye","Rel_Idx",1995,1222,605,NA,NA,671,844.7053,0,0.9535,NA,NA,1263.89206310378,NA,NA,NA,"Green","Node64"," AbsLBM = NA OR AbsLBM >= 1.5, then AbsUBM = NA OR AbsUBM >= 1, then Don't have RelLBM, then LongTrend >= 79, then PercChange >= -70, then LongTrend >= 233",1,"Green","Green",NA,"Green",NA,NA,NA,NA,1222,605,"Low",NA,NA,NA
"Case4","Sockeye","CU4_Sockeye","Rel_Idx",1996,3177,1493,NA,NA,639,799.1036,0,0.9545,NA,NA,1272.07890961463,NA,NA,NA,"Green","Node64"," AbsLBM = NA OR AbsLBM >= 1.5, then AbsUBM = NA OR AbsUBM >= 1, then Don't have RelLBM, then LongTrend >= 79, then PercChange >= -70, then LongTrend >= 233",1,"Green","Green",NA,"Green",NA,NA,NA,NA,3177,1493,"Low",NA,NA,NA
"Case4","Sockeye","CU4_Sockeye","Rel_Idx",1997,1444,924,NA,NA,633,627.3526,0,0.9333,NA,NA,1357.631979949,NA,NA,NA,"Green","Node64"," AbsLBM = NA OR AbsLBM >= 1.5, then AbsUBM = NA OR AbsUBM >= 1, then Don't have RelLBM, then LongTrend >= 79, then PercChange >= -70, then LongTrend >= 233",1,"Green","Green",NA,"Green",NA,NA,NA,NA,1444,924,"Low",NA,NA,NA
"Case4","Sockeye","CU4_Sockeye","Rel_Idx",1998,5284,2745,NA,NA,665,590.8638,0,0.9565,NA,NA,2332.9455665018,NA,NA,NA,"Green","Node64"," AbsLBM = NA OR AbsLBM >= 1.5, then AbsUBM = NA OR AbsUBM >= 1, then Don't have RelLBM, then LongTrend >= 79, then PercChange >= -70, then LongTrend >= 233",1,"Green","Green",NA,"Green",NA,NA,NA,NA,5284,2820,"Low",NA,NA,NA
"Case4","Sockeye","CU4_Sockeye","Rel_Idx",1999,647,468,NA,NA,820,552.2056,0,0.9362,NA,NA,1990.04489639459,NA,NA,NA,"Green","Node64"," AbsLBM = NA OR AbsLBM >= 1.5, then AbsUBM = NA OR AbsUBM >= 1, then Don't have RelLBM, then LongTrend >= 79, then PercChange >= -70, then LongTrend >= 233",1,"Green","Green",NA,"Green",NA,NA,NA,NA,647,468,"Low",NA,NA,NA
"Case4","Sockeye","CU4_Sockeye","Rel_Idx",2000,7684,3541,NA,NA,789,570.2264,0,0.9375,NA,NA,2481.73502367975,NA,NA,NA,"Green","Node64"," AbsLBM = NA OR AbsLBM >= 1.5, then AbsUBM = NA OR AbsUBM >= 1, then Don't have RelLBM, then LongTrend >= 79, then PercChange >= -70, then LongTrend >= 233",1,"Green","Green",NA,"Green",NA,NA,NA,NA,7684,3541,"Low",NA,NA,NA
"Case4","Sockeye","CU4_Sockeye","Rel_Idx",2001,10057,5665,NA,NA,1114,592.2009,0,0.9796,NA,NA,4031.63051786923,NA,NA,NA,"Green","Node64"," AbsLBM = NA OR AbsLBM >= 1.5, then AbsUBM = NA OR AbsUBM >= 1, then Don't have RelLBM, then LongTrend >= 79, then PercChange >= -70, then LongTrend >= 233",1,"Green","Green",NA,"Green",NA,NA,NA,NA,10057,5665,"Low",NA,NA,NA
"Case4","Sockeye","CU4_Sockeye","Rel_Idx",2002,27225,13319,NA,NA,1177,554.2253,0,0.96,NA,NA,6074.10078704043,NA,NA,NA,"Green","Node64"," AbsLBM = NA OR AbsLBM >= 1.5, then AbsUBM = NA OR AbsUBM >= 1, then Don't have RelLBM, then LongTrend >= 79, then PercChange >= -70, then LongTrend >= 233",1,"Green","Green",NA,"Green",NA,NA,NA,NA,27225,13319,"Low",NA,NA,NA
"Case4","Sockeye","CU4_Sockeye","Rel_Idx",2003,9997,5684,NA,NA,1784,656.4394,0.0333,0.9608,NA,NA,12042.6855555323,NA,NA,NA,"Green","Node64"," AbsLBM = NA OR AbsLBM >= 1.5, then AbsUBM = NA OR AbsUBM >= 1, then Don't have RelLBM, then LongTrend >= 79, then PercChange >= -70, then LongTrend >= 233",1,"Green","Green",NA,"Green",NA,NA,NA,NA,9997,5684,"Low",NA,NA,NA
"Case4","Sockeye","CU4_Sockeye","Rel_Idx",2004,17937,9146,NA,NA,2482,923.636,0,0.9615,NA,NA,14885.5182562055,NA,NA,NA,"Green","Node64"," AbsLBM = NA OR AbsLBM >= 1.5, then AbsUBM = NA OR AbsUBM >= 1, then Don't have RelLBM, then LongTrend >= 79, then PercChange >= -70, then LongTrend >= 233",1,"Green","Green",NA,"Green",NA,NA,NA,NA,17937,9146,"Low",NA,NA,NA
"Case4","Sockeye","CU4_Sockeye","Rel_Idx",2005,4176,2762,NA,NA,3379,1432.5318,0,0.9434,NA,NA,11949.1488092344,NA,NA,NA,"Green","Node64"," AbsLBM = NA OR AbsLBM >= 1.5, then AbsUBM = NA OR AbsUBM >= 1, then Don't have RelLBM, then LongTrend >= 79, then PercChange >= -70, then LongTrend >= 233",1,"Green","Green",NA,"Green",NA,NA,NA,NA,4176,2762,"Low",NA,NA,NA
"Case4","Sockeye","CU4_Sockeye","Rel_Idx",2006,19118,9869,NA,NA,3320,1585.2616,0,0.9815,NA,NA,10938.4456151999,NA,NA,NA,"Green","Node64"," AbsLBM = NA OR AbsLBM >= 1.5, then AbsUBM = NA OR AbsUBM >= 1, then Don't have RelLBM, then LongTrend >= 79, then PercChange >= -70, then LongTrend >= 233",1,"Green","Green",NA,"Green",NA,NA,NA,NA,19118,9869,"Low",NA,NA,NA
"Case4","Sockeye","CU4_Sockeye","Rel_Idx",2007,4126,2374,NA,NA,2824,1240.1077,0,0.9636,NA,NA,8767.39341263595,NA,NA,NA,"Green","Node64"," AbsLBM = NA OR AbsLBM >= 1.5, then AbsUBM = NA OR AbsUBM >= 1, then Don't have RelLBM, then LongTrend >= 79, then PercChange >= -70, then LongTrend >= 233",1,"Green","Green",NA,"Green",NA,NA,NA,NA,4126,2374,"Low",NA,NA,NA
"Case4","Sockeye","CU4_Sockeye","Rel_Idx",2008,1459,788,NA,NA,2160,588.5893,0.0333,0.9107,NA,NA,4682.16663316424,NA,NA,NA,"Green","Node64"," AbsLBM = NA OR AbsLBM >= 1.5, then AbsUBM = NA OR AbsUBM >= 1, then Don't have RelLBM, then LongTrend >= 79, then PercChange >= -70, then LongTrend >= 233",1,"Green","Green",NA,"Green",NA,NA,NA,NA,1459,788,"Low",NA,NA,NA
"Case4","Sockeye","CU4_Sockeye","Rel_Idx",2009,5489,3177,NA,NA,1772,248.9144,1,0.9123,NA,NA,5013.37338248745,NA,NA,NA,"Green","Node64"," AbsLBM = NA OR AbsLBM >= 1.5, then AbsUBM = NA OR AbsUBM >= 1, then Don't have RelLBM, then LongTrend >= 79, then PercChange >= -70, then LongTrend >= 233",1,"Green","Green",NA,"Green",NA,NA,NA,NA,5489,3177,"Low",NA,NA,NA
"Case4","Sockeye","CU4_Sockeye","Rel_Idx",2010,9554,5420,NA,NA,1305,92.4416,7.2,0.8966,NA,NA,4215.17632020414,NA,NA,NA,"Green","Node64"," AbsLBM = NA OR AbsLBM >= 1.5, then AbsUBM = NA OR AbsUBM >= 1, then Don't have RelLBM, then LongTrend >= 79, then PercChange >= -70, then LongTrend >= 233",1,"Green","Green",NA,"Green",NA,NA,NA,NA,9554,5420,"Low",NA,NA,NA
"Case4","Sockeye","CU4_Sockeye","Rel_Idx",2011,5455,2622,NA,NA,1046,-2.6877,31.4667,0.8644,NA,NA,4519.93436779915,NA,NA,NA,"Green","Node64"," AbsLBM = NA OR AbsLBM >= 1.5, then AbsUBM = NA OR AbsUBM >= 1, then Don't have RelLBM, then LongTrend >= 79, then PercChange >= -70, then LongTrend >= 233",1,"Green","Green",NA,"Green",NA,NA,NA,NA,5455,2622,"Low",NA,NA,NA
"Case4","Sockeye","CU4_Sockeye","Rel_Idx",2012,1621,906,NA,NA,962,-46.3426,79.4667,0.85,NA,NA,4640.49233199873,NA,NA,NA,"Green","Node64"," AbsLBM = NA OR AbsLBM >= 1.5, then AbsUBM = NA OR AbsUBM >= 1, then Don't have RelLBM, then LongTrend >= 79, then PercChange >= -70, then LongTrend >= 233",1,"Green","Red",NA,"Green",NA,NA,NA,NA,1621,906,"Low",NA,NA,NA
"Case4","Sockeye","CU4_Sockeye","Rel_Idx",2013,5507,3398,NA,NA,957,-64.6049,98.4,0.8361,NA,NA,4644.29203776912,NA,NA,NA,"Green","Node64"," AbsLBM = NA OR AbsLBM >= 1.5, then AbsUBM = NA OR AbsUBM >= 1, then Don't have RelLBM, then LongTrend >= 79, then PercChange >= -70, then LongTrend >= 233",1,"Green","Red",NA,"Green",NA,NA,NA,NA,5507,3398,"Low",NA,NA,NA
"Case4","Sockeye","CU4_Sockeye","Rel_Idx",2014,4710,2831,NA,NA,887,-74.0747,100,0.8226,NA,NA,3891.60218306242,NA,NA,NA,"Red","Node33","AbsLBM = NA OR AbsLBM >= 1.5, then AbsUBM = NA OR AbsUBM >= 1, then Don't have RelLBM, then LongTrend >= 79, then PercChange < -70",5,"Green","Red",NA,"Green",NA,NA,NA,NA,4710,2831,"Moderate",NA,NA,NA
"Case4","Sockeye","CU4_Sockeye","Rel_Idx",2015,6315,3725,NA,NA,864,-71.9503,99.9667,0.8254,NA,NA,4036.66852482257,NA,NA,NA,"Red","Node33","AbsLBM = NA OR AbsLBM >= 1.5, then AbsUBM = NA OR AbsUBM >= 1, then Don't have RelLBM, then LongTrend >= 79, then PercChange < -70",5,"Green","Red",NA,"Green",NA,NA,NA,NA,6315,3725,"Moderate",NA,NA,NA
"Case4","Sockeye","CU4_Sockeye","Rel_Idx",2016,2745,1356,NA,NA,867,-61.2387,99,0.8125,NA,NA,4604.82279177759,NA,NA,NA,"Green","Node64"," AbsLBM = NA OR AbsLBM >= 1.5, then AbsUBM = NA OR AbsUBM >= 1, then Don't have RelLBM, then LongTrend >= 79, then PercChange >= -70, then LongTrend >= 233",1,"Green","Red",NA,"Green",NA,NA,NA,NA,2745,1356,"Low",NA,NA,NA
"Case4","Sockeye","CU4_Sockeye","Rel_Idx",2017,5068,2924,NA,NA,837,-47.7786,92.9667,0.8,NA,NA,4510.17407491925,NA,NA,NA,"Green","Node64"," AbsLBM = NA OR AbsLBM >= 1.5, then AbsUBM = NA OR AbsUBM >= 1, then Don't have RelLBM, then LongTrend >= 79, then PercChange >= -70, then LongTrend >= 233",1,"Green","Red",NA,"Green",NA,NA,NA,NA,5068,2924,"Low",NA,NA,NA
"Case4","Sockeye","CU4_Sockeye","Rel_Idx",2018,892,476,NA,NA,708,-40.3411,88.8667,0.7727,NA,NA,2975.28992105591,NA,NA,NA,"Green","Node64"," AbsLBM = NA OR AbsLBM >= 1.5, then AbsUBM = NA OR AbsUBM >= 1, then Don't have RelLBM, then LongTrend >= 79, then PercChange >= -70, then LongTrend >= 233",1,"Green","Red",NA,"Green",NA,NA,NA,NA,892,476,"Low",NA,NA,NA
"Case4","Sockeye","CU4_Sockeye","Rel_Idx",2019,47,23,NA,NA,483,-59.6867,92.2,0.7313,NA,NA,873.897338790824,NA,NA,NA,"Green","Node64"," AbsLBM = NA OR AbsLBM >= 1.5, then AbsUBM = NA OR AbsUBM >= 1, then Don't have RelLBM, then LongTrend >= 79, then PercChange >= -70, then LongTrend >= 233",1,"Green","Red",NA,"Green",NA,NA,NA,NA,47,23,"Low",NA,NA,NA
"Case4","Sockeye","CU4_Sockeye","Rel_Idx",2020,142,68,NA,NA,261,-82.5917,98.8,0.6765,NA,NA,416.770446965963,NA,NA,NA,"Red","Node33","AbsLBM = NA OR AbsLBM >= 1.5, then AbsUBM = NA OR AbsUBM >= 1, then Don't have RelLBM, then LongTrend >= 79, then PercChange < -70",5,"Green","Red",NA,"Green",NA,NA,NA,NA,142,68,"Moderate",NA,NA,NA
"Case4","Sockeye","CU4_Sockeye","Rel_Idx",2021,1725,930,NA,NA,129,-91.4418,99.6333,0.5942,NA,NA,318.335475254833,NA,NA,NA,"Red","Node33","AbsLBM = NA OR AbsLBM >= 1.5, then AbsUBM = NA OR AbsUBM >= 1, then Don't have RelLBM, then LongTrend >= 79, then PercChange < -70",5,"Green","Red",NA,"Green",NA,NA,NA,NA,1725,930,"Moderate",NA,NA,NA
"Case4","Sockeye","CU4_Sockeye","Rel_Idx",2022,1133,625,NA,NA,70,-95.3419,100,0.5714,NA,NA,337.949106767169,NA,NA,NA,"Red","Node17","AbsLBM = NA OR AbsLBM >= 1.5, then AbsUBM = NA OR AbsUBM >= 1, then Don't have RelLBM, then LongTrend < 79",5,"Amber","Red",NA,"Green",NA,NA,NA,NA,1133,625,"Moderate",NA,NA,NA
"Case4","Sockeye","CU4_Sockeye","Rel_Idx",2023,979,463,NA,NA,72,-95.6076,100,0.5211,NA,NA,721.975585090047,NA,NA,NA,"Red","Node17","AbsLBM = NA OR AbsLBM >= 1.5, then AbsUBM = NA OR AbsUBM >= 1, then Don't have RelLBM, then LongTrend < 79",5,"Amber","Red",NA,"Green",NA,NA,NA,NA,979,463,"Moderate",NA,NA,NA
"Case6","Coho","CU6_Coho","Abs_Abd",1995,NA,NA,NA,NA,NA,NA,NA,NA,NA,NA,NA,NA,NA,NA,"DD","Node16.NA","No LongTrend, so no SynStatus",NA,NA,NA,NA,NA,NA,NA,327,1099,NA,NA,NA,NA,NA,NA
"Case6","Coho","CU6_Coho","Abs_Abd",1996,NA,NA,NA,NA,NA,NA,NA,NA,NA,NA,NA,NA,NA,NA,"DD","Node16.NA","No LongTrend, so no SynStatus",NA,NA,NA,NA,NA,NA,NA,327,1099,NA,NA,NA,NA,NA,NA
"Case6","Coho","CU6_Coho","Abs_Abd",1997,NA,NA,NA,NA,NA,NA,NA,NA,NA,NA,NA,NA,NA,NA,"DD","Node16.NA","No LongTrend, so no SynStatus",NA,NA,NA,NA,NA,NA,NA,327,1099,NA,NA,NA,NA,NA,NA
"Case6","Coho","CU6_Coho","Abs_Abd",1998,5460,5460,NA,NA,NA,NA,NA,NA,NA,NA,NA,NA,NA,NA,"DD","Node16.NA","No LongTrend, so no SynStatus",NA,NA,NA,NA,NA,NA,NA,327,1099,5460,5460,NA,NA,NA,NA
"Case6","Coho","CU6_Coho","Abs_Abd",1999,4096,4096,NA,NA,NA,NA,NA,NA,NA,NA,NA,NA,NA,NA,"DD","Node16.NA","No LongTrend, so no SynStatus",NA,NA,NA,NA,NA,NA,NA,327,1099,4096,4096,NA,NA,NA,NA
"Case6","Coho","CU6_Coho","Abs_Abd",2000,2719,2719,12.0255841062085,3.93236600273017,NA,NA,NA,NA,3.57813103069169,0.393236600273017,3932.36600273017,NA,NA,NA,"Amber","Node22","Have AbsLBM, then AbsLBM >= 1.5, then have AbsUBM, then AbsUBM < 1,then Have RelLBM, then RelLBM >= 1",3,NA,NA,NA,NA,"Green","Amber",327,1099,2719,2719,"High",NA,NA,NA
"Case6","Coho","CU6_Coho","Abs_Abd",2001,5971,5971,12.3896105813323,4.05140266009567,NA,NA,NA,NA,3.6864446406694,0.405140266009567,4051.40266009567,NA,NA,NA,"Amber","Node22","Have AbsLBM, then AbsLBM >= 1.5, then have AbsUBM, then AbsUBM < 1,then Have RelLBM, then RelLBM >= 1",3,NA,NA,NA,NA,"Green","Amber",327,1099,5971,5971,"High",NA,NA,NA
"Case6","Coho","CU6_Coho","Abs_Abd",2002,3817,3817,12.1016631521037,3.9572438507379,NA,NA,NA,NA,3.60076783506634,0.39572438507379,3957.2438507379,NA,NA,NA,"Amber","Node22","Have AbsLBM, then AbsLBM >= 1.5, then have AbsUBM, then AbsUBM < 1,then Have RelLBM, then RelLBM >= 1",3,NA,NA,NA,NA,"Green","Amber",327,1099,3817,3817,"High",NA,NA,NA
"Case6","Coho","CU6_Coho","Abs_Abd",2003,4552,4552,14.3695359146151,4.69883824407914,NA,NA,NA,NA,4.27555800189185,0.469883824407914,4698.83824407914,NA,NA,NA,"Amber","Node22","Have AbsLBM, then AbsLBM >= 1.5, then have AbsUBM, then AbsUBM < 1,then Have RelLBM, then RelLBM >= 1",3,NA,NA,NA,NA,"Green","Amber",327,1099,4552,4552,"High",NA,NA,NA
"Case6","Coho","CU6_Coho","Abs_Abd",2004,5872,5872,14.2896766225245,4.67272425556552,NA,NA,NA,NA,4.25179641088764,0.467272425556552,4672.72425556552,NA,NA,NA,"Amber","Node22","Have AbsLBM, then AbsLBM >= 1.5, then have AbsUBM, then AbsUBM < 1,then Have RelLBM, then RelLBM >= 1",3,NA,NA,NA,NA,"Green","Amber",327,1099,5872,5872,"High",NA,NA,NA
"Case6","Coho","CU6_Coho","Abs_Abd",2005,2269,2269,12.015075737285,3.9289297660922,NA,NA,NA,NA,3.57500433675359,0.39289297660922,3928.9297660922,NA,NA,NA,"Amber","Node22","Have AbsLBM, then AbsLBM >= 1.5, then have AbsUBM, then AbsUBM < 1,then Have RelLBM, then RelLBM >= 1",3,NA,NA,NA,NA,"Green","Amber",327,1099,2269,2269,"High",NA,NA,NA
"Case6","Coho","CU6_Coho","Abs_Abd",2006,1605,1605,8.48823589614779,2.77565313804033,NA,NA,NA,NA,2.52561705008219,0.277565313804033,2775.65313804033,NA,NA,NA,"Amber","Node22","Have AbsLBM, then AbsLBM >= 1.5, then have AbsUBM, then AbsUBM < 1,then Have RelLBM, then RelLBM >= 1",3,NA,NA,NA,NA,"Green","Amber",327,1099,1605,1605,"High",NA,NA,NA
"Case6","Coho","CU6_Coho","Abs_Abd",2007,2739,2739,6.58293301054364,2.15261909444777,NA,NA,NA,NA,1.95870709230916,0.215261909444777,2152.61909444777,NA,NA,NA,"Amber","Node22","Have AbsLBM, then AbsLBM >= 1.5, then have AbsUBM, then AbsUBM < 1,then Have RelLBM, then RelLBM >= 1",3,NA,NA,NA,NA,"Green","Amber",327,1099,2739,2739,"High",NA,NA,NA
"Case6","Coho","CU6_Coho","Abs_Abd",2008,1138,1138,5.23024489628417,1.71029008108492,NA,NA,NA,NA,1.55622391363505,0.171029008108492,1710.29008108492,NA,NA,NA,"Amber","Node22","Have AbsLBM, then AbsLBM >= 1.5, then have AbsUBM, then AbsUBM < 1,then Have RelLBM, then RelLBM >= 1",3,NA,NA,NA,NA,"Green","Amber",327,1099,1138,1138,"High",NA,NA,NA
"Case6","Coho","CU6_Coho","Abs_Abd",2009,2308,2308,5.90349156349227,1.93044174126197,NA,-60.7627,99.0667,NA,1.75654389559779,0.193044174126197,1930.44174126197,NA,NA,NA,"Amber","Node22","Have AbsLBM, then AbsLBM >= 1.5, then have AbsUBM, then AbsUBM < 1,then Have RelLBM, then RelLBM >= 1",3,NA,"Red",NA,NA,"Green","Amber",327,1099,2308,2308,"High",NA,NA,NA
"Case6","Coho","CU6_Coho","Abs_Abd",2010,2227,2227,5.51000096863127,1.80177031674243,NA,-66.4414,99.9,NA,1.63946343652632,0.180177031674243,1801.77031674243,NA,NA,NA,"Amber","Node22","Have AbsLBM, then AbsLBM >= 1.5, then have AbsUBM, then AbsUBM < 1,then Have RelLBM, then RelLBM >= 1",3,NA,"Red",NA,NA,"Green","Amber",327,1099,2227,2227,"High",NA,NA,NA
"Case6","Coho","CU6_Coho","Abs_Abd",2011,3189,3189,7.76823629640915,2.54021326892579,NA,-62.1601,98.9667,NA,2.31138604997797,0.254021326892579,2540.21326892579,NA,NA,NA,"Amber","Node22","Have AbsLBM, then AbsLBM >= 1.5, then have AbsUBM, then AbsUBM < 1,then Have RelLBM, then RelLBM >= 1",3,NA,"Red",NA,NA,"Green","Amber",327,1099,3189,3189,"High",NA,NA,NA
"Case6","Coho","CU6_Coho","Abs_Abd",2012,5134,5134,10.1405718733152,3.31596700257407,104,-49.6588,87.9667,NA,3.01725841908468,0.331596700257407,3315.96700257407,NA,NA,NA,"Amber","Node22","Have AbsLBM, then AbsLBM >= 1.5, then have AbsUBM, then AbsUBM < 1,then Have RelLBM, then RelLBM >= 1",3,"Green","Red",NA,NA,"Green","Amber",327,1099,5134,5134,"High",NA,NA,NA
"Case6","Coho","CU6_Coho","Abs_Abd",2013,5398,5398,13.6217634826768,4.45431665883533,135,-12.61,35.1667,NA,4.0530633838356,0.445431665883533,4454.31665883533,NA,NA,NA,"Amber","Node22","Have AbsLBM, then AbsLBM >= 1.5, then have AbsUBM, then AbsUBM < 1,then Have RelLBM, then RelLBM >= 1",3,"Green","Green",NA,NA,"Green","Amber",327,1099,5398,5398,"High",NA,NA,NA
"Case6","Coho","CU6_Coho","Abs_Abd",2014,1048,1048,9.4001674448519,3.07385475446657,100,28.2623,7.2333,0.5333,2.79695610051553,0.307385475446657,3073.85475446657,NA,NA,NA,"Amber","Node22","Have AbsLBM, then AbsLBM >= 1.5, then have AbsUBM, then AbsUBM < 1,then Have RelLBM, then RelLBM >= 1",3,"Green","Green",NA,"Green","Green","Amber",327,1099,1048,1048,"High",NA,NA,NA
"Case6","Coho","CU6_Coho","Abs_Abd",2015,352,352,3.84737503673323,1.25809163701176,46,13.5268,16.7,0.375,1.14476036124819,0.125809163701176,1258.09163701176,NA,NA,NA,"Red","Node3","Have AbsLBM, then AbsLBM < 1.5",5,"Red","Green",NA,"Amber","Green","Amber",327,1099,352,352,"High",NA,NA,NA
"Case6","Coho","CU6_Coho","Abs_Abd",2016,1160,1160,2.30447972997789,0.75356487170277,29,-28.2669,53.8667,0.1176,0.685682321840555,0.075356487170277,753.56487170277,NA,NA,NA,"Red","Node3","Have AbsLBM, then AbsLBM < 1.5",5,"Red","Red",NA,"Red","Amber","Red",327,1099,1160,1160,"High",NA,NA,NA
"Case6","Coho","CU6_Coho","Abs_Abd",2017,1657,1657,2.68468478209766,0.877891923745936,34,-52.4394,77.8333,0.1111,0.798809757730606,0.0877891923745936,877.891923745936,NA,NA,NA,"Red","Node3","Have AbsLBM, then AbsLBM < 1.5",5,"Red","Red",NA,"Red","Amber","Red",327,1099,1657,1657,"High",NA,NA,NA
"Case6","Coho","CU6_Coho","Abs_Abd",2018,4916,4916,6.46521598384878,2.11412562671855,80,-51.7874,76.9667,0.1053,1.92368118900687,0.211412562671855,2114.12562671855,NA,NA,NA,"Amber","Node22","Have AbsLBM, then AbsLBM >= 1.5, then have AbsUBM, then AbsUBM < 1,then Have RelLBM, then RelLBM >= 1",3,"Green","Red",NA,"Red","Green","Amber",327,1099,4916,4916,"High",NA,NA,NA
"Case6","Coho","CU6_Coho","Abs_Abd",2019,3259,3259,9.12273714634049,2.98313504685334,112,-38.9177,63.2333,0.2,2.71440859586291,0.298313504685334,2983.13504685334,NA,NA,NA,"Amber","Node22","Have AbsLBM, then AbsLBM >= 1.5, then have AbsUBM, then AbsUBM < 1,then Have RelLBM, then RelLBM >= 1",3,"Green","Red",NA,"Red","Green","Amber",327,1099,3259,3259,"High",NA,NA,NA
"Case6","Coho","CU6_Coho","Abs_Abd",2020,5311,5311,13.4506444457843,4.39836073377147,161,-18.9146,45.4667,0.5238,4.00214807440534,0.439836073377147,4398.36073377147,NA,NA,NA,"Amber","Node22","Have AbsLBM, then AbsLBM >= 1.5, then have AbsUBM, then AbsUBM < 1,then Have RelLBM, then RelLBM >= 1",3,"Green","Amber",NA,"Green","Green","Amber",327,1099,5311,5311,"High",NA,NA,NA
"Case6","Coho","CU6_Coho","Abs_Abd",2021,2372,2372,10.5497952156548,3.4497830355191,127,10.4583,29.4333,0.6364,3.13902005051784,0.34497830355191,3449.7830355191,NA,NA,NA,"Amber","Node22","Have AbsLBM, then AbsLBM >= 1.5, then have AbsUBM, then AbsUBM < 1,then Have RelLBM, then RelLBM >= 1",3,"Green","Green",NA,"Green","Green","Amber",327,1099,2372,2372,"High",NA,NA,NA
"Case6","Coho","CU6_Coho","Abs_Abd",2022,6420,6420,13.2249564955487,4.32456077404444,154,89.2287,11.3333,0.7391,3.93499615472651,0.432456077404444,4324.56077404444,NA,NA,NA,"Amber","Node22","Have AbsLBM, then AbsLBM >= 1.5, then have AbsUBM, then AbsUBM < 1,then Have RelLBM, then RelLBM >= 1",3,"Green","Green",NA,"Green","Green","Amber",327,1099,6420,6420,"High",NA,NA,NA
"Case6","Coho","CU6_Coho","Abs_Abd",2023,5790,5790,13.6111558315392,4.45084795691331,154,279.7973,0.7333,0.7083,4.04990714914769,0.445084795691331,4450.84795691331,NA,NA,NA,"Amber","Node22","Have AbsLBM, then AbsLBM >= 1.5, then have AbsUBM, then AbsUBM < 1,then Have RelLBM, then RelLBM >= 1",3,"Green","Green",NA,"Green","Green","Amber",327,1099,5790,5790,"High",NA,NA,NA
