"CU_ID","Species","Stock","DataType","Year","SpnForAbd_Wild","SpnForTrend_Wild","RelLBM","AbsLBM","LongTrend","PercChange","ProbDeclBelowLBM","Percentile","RelUBM","AbsUBM","NumStdMetrics","Value","IntStatusRaw","IntStatusRaw_Short","IntStatus_Short","RapidStatus","BinLabel","BinPath","RapidScore","RelLBMCat","AbsLBMCat","LongTrendCat","PercChangeCat","ProbDeclBelowLBMCat","PercentileCat","RelUBMCat","AbsUBMCat","RelAbdCat","AbsAbdCat","RelAbd_LBM","RelAbd_UBM","SpnForAbd_Total","SpnForTrend_Total","ConfidenceRating5","ConfidenceRating3","ConfidenceRating2","IntStatus5","IntStatus3","IntStatus2"
"Case1","Sockeye","Sockeye_CU_A","Abs_Abd",1995,1021.28,682,NA,NA,62,-47.9412,92.0333,0.2326,NA,NA,2,NA,NA,NA,NA,"Red","Node17","Data Type is RelAbd OR AbsLBM >= 1.5, then Data Type is RelAbd OR AbsUBM >= 1, then Don't have RelLBM, then LongTrend < 79",5,NA,NA,"Amber","Red",NA,"Red",NA,NA,NA,NA,NA,NA,1021.28,682,"Moderate","Moderate","High",NA,NA,NA
"Case1","Sockeye","Sockeye_CU_A","Abs_Abd",1996,39612.5184,21381,NA,NA,81,-33.3273,64.5333,0.3864,NA,NA,2,NA,NA,NA,NA,"Amber","Node65"," Data Type is RelIdx OR AbsLBM >= 1.5, then Data Type is RelIdx OR AbsUBM >= 1, then Don't have RelLBM, then LongTrend >= 79, then PercChange >= -70, then LongTrend < 233",3,NA,NA,"Green","Red",NA,"Amber",NA,NA,NA,NA,NA,NA,39612.5184,21381,"Low","Low","Moderate",NA,NA,NA
"Case1","Sockeye","Sockeye_CU_A","Abs_Abd",1997,5024.2878,2367,NA,NA,98,-0.4854,21.1,0.5556,NA,NA,2,NA,NA,NA,NA,"Amber","Node65"," Data Type is RelIdx OR AbsLBM >= 1.5, then Data Type is RelIdx OR AbsUBM >= 1, then Don't have RelLBM, then LongTrend >= 79, then PercChange >= -70, then LongTrend < 233",3,NA,NA,"Green","Green",NA,"Green",NA,NA,NA,NA,NA,NA,5024.2878,2367,"Low","Low","Moderate",NA,NA,NA
"Case1","Sockeye","Sockeye_CU_A","Abs_Abd",1998,6746.6854,3585,NA,NA,123,70.1712,2.5333,0.6304,NA,NA,2,NA,NA,NA,NA,"Amber","Node65"," Data Type is RelIdx OR AbsLBM >= 1.5, then Data Type is RelIdx OR AbsUBM >= 1, then Don't have RelLBM, then LongTrend >= 79, then PercChange >= -70, then LongTrend < 233",3,NA,NA,"Green","Green",NA,"Green",NA,NA,NA,NA,NA,NA,6746.6854,3585,"Low","Low","Moderate",NA,NA,NA
"Case1","Sockeye","Sockeye_CU_A","Abs_Abd",1999,6676.1114,3499,NA,NA,160,197.7405,0.3667,0.7447,NA,NA,2,NA,NA,NA,NA,"Amber","Node65"," Data Type is RelIdx OR AbsLBM >= 1.5, then Data Type is RelIdx OR AbsUBM >= 1, then Don't have RelLBM, then LongTrend >= 79, then PercChange >= -70, then LongTrend < 233",3,NA,NA,"Green","Green",NA,"Green",NA,NA,NA,NA,NA,NA,6676.1114,3499,"Low","Low","Moderate",NA,NA,NA
"Case1","Sockeye","Sockeye_CU_A","Abs_Abd",2000,57395.6136,27668,NA,NA,191,403.3642,0,0.7917,NA,NA,2,NA,NA,NA,NA,"Amber","Node65"," Data Type is RelIdx OR AbsLBM >= 1.5, then Data Type is RelIdx OR AbsUBM >= 1, then Don't have RelLBM, then LongTrend >= 79, then PercChange >= -70, then LongTrend < 233",3,NA,NA,"Green","Green",NA,"Green",NA,NA,NA,NA,NA,NA,57395.6136,27668,"Low","Low","Moderate",NA,NA,NA
"Case1","Sockeye","Sockeye_CU_A","Abs_Abd",2001,30015.1528,16025,NA,NA,259,800.9705,0,0.9592,NA,NA,2,NA,NA,NA,NA,"Green","Node64"," Data Type is RelIdx OR AbsLBM >= 1.5, then Data Type is RelIdx OR AbsUBM >= 1, then Don't have RelLBM, then LongTrend >= 79, then PercChange >= -70, then LongTrend >= 233",1,NA,NA,"Green","Green",NA,"Green",NA,NA,NA,NA,NA,NA,30015.1528,16025,"Low","Low","High",NA,NA,NA
"Case1","Sockeye","Sockeye_CU_A","Abs_Abd",2002,17755.4754,8402,NA,NA,335,1262.1229,0,0.96,NA,NA,2,NA,NA,NA,NA,"Green","Node64"," Data Type is RelIdx OR AbsLBM >= 1.5, then Data Type is RelIdx OR AbsUBM >= 1, then Don't have RelLBM, then LongTrend >= 79, then PercChange >= -70, then LongTrend >= 233",1,NA,NA,"Green","Green",NA,"Green",NA,NA,NA,NA,NA,NA,17755.4754,8402,"Low","Low","High",NA,NA,NA
"Case1","Sockeye","Sockeye_CU_A","Abs_Abd",2003,9458.684,4890,NA,NA,400,1500.7133,0,0.9608,NA,NA,2,NA,NA,NA,NA,"Green","Node64"," Data Type is RelIdx OR AbsLBM >= 1.5, then Data Type is RelIdx OR AbsUBM >= 1, then Don't have RelLBM, then LongTrend >= 79, then PercChange >= -70, then LongTrend >= 233",1,NA,NA,"Green","Green",NA,"Green",NA,NA,NA,NA,NA,NA,9458.684,4890,"Low","Low","High",NA,NA,NA
"Case1","Sockeye","Sockeye_CU_A","Abs_Abd",2004,5580.1395,3244,NA,NA,415,1020.6004,0,0.9615,NA,NA,2,NA,NA,NA,NA,"Green","Node64"," Data Type is RelIdx OR AbsLBM >= 1.5, then Data Type is RelIdx OR AbsUBM >= 1, then Don't have RelLBM, then LongTrend >= 79, then PercChange >= -70, then LongTrend >= 233",1,NA,NA,"Green","Green",NA,"Green",NA,NA,NA,NA,NA,NA,5580.1395,3244,"Low","Low","High",NA,NA,NA
"Case1","Sockeye","Sockeye_CU_A","Abs_Abd",2005,26400.4424,16967,NA,NA,384,665.9319,0,0.9623,NA,NA,2,NA,NA,NA,NA,"Green","Node64"," Data Type is RelIdx OR AbsLBM >= 1.5, then Data Type is RelIdx OR AbsUBM >= 1, then Don't have RelLBM, then LongTrend >= 79, then PercChange >= -70, then LongTrend >= 233",1,NA,NA,"Green","Green",NA,"Green",NA,NA,NA,NA,NA,NA,26400.4424,16967,"Low","Low","High",NA,NA,NA
"Case1","Sockeye","Sockeye_CU_A","Abs_Abd",2006,5977.6539,3442,NA,NA,320,365.3116,0,0.9444,NA,NA,2,NA,NA,NA,NA,"Green","Node64"," Data Type is RelIdx OR AbsLBM >= 1.5, then Data Type is RelIdx OR AbsUBM >= 1, then Don't have RelLBM, then LongTrend >= 79, then PercChange >= -70, then LongTrend >= 233",1,NA,NA,"Green","Green",NA,"Green",NA,NA,NA,NA,NA,NA,5977.6539,3442,"Low","Low","High",NA,NA,NA
"Case1","Sockeye","Sockeye_CU_A","Abs_Abd",2007,13813.3272,8064,NA,NA,269,187.4139,0.1333,0.9091,NA,NA,2,NA,NA,NA,NA,"Green","Node64"," Data Type is RelIdx OR AbsLBM >= 1.5, then Data Type is RelIdx OR AbsUBM >= 1, then Don't have RelLBM, then LongTrend >= 79, then PercChange >= -70, then LongTrend >= 233",1,NA,NA,"Green","Green",NA,"Green",NA,NA,NA,NA,NA,NA,13813.3272,8064,"Low","Low","High",NA,NA,NA
"Case1","Sockeye","Sockeye_CU_A","Abs_Abd",2008,7285.2406,3562,NA,NA,261,98.2188,1.1,0.875,NA,NA,2,NA,NA,NA,NA,"Green","Node64"," Data Type is RelIdx OR AbsLBM >= 1.5, then Data Type is RelIdx OR AbsUBM >= 1, then Don't have RelLBM, then LongTrend >= 79, then PercChange >= -70, then LongTrend >= 233",1,NA,NA,"Green","Green",NA,"Green",NA,NA,NA,NA,NA,NA,7285.2406,3562,"Low","Low","High",NA,NA,NA
"Case1","Sockeye","Sockeye_CU_A","Abs_Abd",2009,11098.2984,6039,NA,NA,237,13.3276,10.9333,0.8772,NA,NA,2,NA,NA,NA,NA,"Green","Node64"," Data Type is RelIdx OR AbsLBM >= 1.5, then Data Type is RelIdx OR AbsUBM >= 1, then Don't have RelLBM, then LongTrend >= 79, then PercChange >= -70, then LongTrend >= 233",1,NA,NA,"Green","Green",NA,"Green",NA,NA,NA,NA,NA,NA,11098.2984,6039,"Low","Low","High",NA,NA,NA
"Case1","Sockeye","Sockeye_CU_A","Abs_Abd",2010,4607.1,2389,NA,NA,223,-29.1568,58.5667,0.8621,NA,NA,2,NA,"Amber","A","A","Amber","Node65"," Data Type is RelIdx OR AbsLBM >= 1.5, then Data Type is RelIdx OR AbsUBM >= 1, then Don't have RelLBM, then LongTrend >= 79, then PercChange >= -70, then LongTrend < 233",3,NA,NA,"Green","Red",NA,"Green",NA,NA,NA,NA,NA,NA,4607.1,2389,"Low","Low","Moderate","Amber","Amber","NotRed"
"Case1","Sockeye","Sockeye_CU_A","Abs_Abd",2011,8054.4556,4430,NA,NA,196,-50.5629,95.4667,0.7966,NA,NA,2,NA,NA,NA,NA,"Amber","Node65"," Data Type is RelIdx OR AbsLBM >= 1.5, then Data Type is RelIdx OR AbsUBM >= 1, then Don't have RelLBM, then LongTrend >= 79, then PercChange >= -70, then LongTrend < 233",3,NA,NA,"Green","Red",NA,"Green",NA,NA,NA,NA,NA,NA,8054.4556,4430,"Low","Low","Moderate",NA,NA,NA
"Case1","Sockeye","Sockeye_CU_A","Abs_Abd",2012,3217.9651,1710,NA,NA,165,-66.2252,99.9667,0.7167,NA,NA,2,NA,NA,NA,NA,"Amber","Node65"," Data Type is RelIdx OR AbsLBM >= 1.5, then Data Type is RelIdx OR AbsUBM >= 1, then Don't have RelLBM, then LongTrend >= 79, then PercChange >= -70, then LongTrend < 233",3,NA,NA,"Green","Red",NA,"Green",NA,NA,NA,NA,NA,NA,3217.9651,1710,"Low","Low","Moderate",NA,NA,NA
"Case1","Sockeye","Sockeye_CU_A","Abs_Abd",2013,15834.4032,9045,NA,NA,151,-68.3161,100,0.6557,NA,NA,2,NA,NA,NA,NA,"Amber","Node65"," Data Type is RelIdx OR AbsLBM >= 1.5, then Data Type is RelIdx OR AbsUBM >= 1, then Don't have RelLBM, then LongTrend >= 79, then PercChange >= -70, then LongTrend < 233",3,NA,NA,"Green","Red",NA,"Green",NA,NA,NA,NA,NA,NA,15834.4032,9045,"Low","Low","Moderate",NA,NA,NA
"Case1","Sockeye","Sockeye_CU_A","Abs_Abd",2014,16656.1734,9471,NA,NA,154,-58.971,99.6333,0.6613,NA,NA,2,NA,NA,NA,NA,"Amber","Node65"," Data Type is RelIdx OR AbsLBM >= 1.5, then Data Type is RelIdx OR AbsUBM >= 1, then Don't have RelLBM, then LongTrend >= 79, then PercChange >= -70, then LongTrend < 233",3,NA,NA,"Green","Red",NA,"Green",NA,NA,NA,NA,NA,NA,16656.1734,9471,"Low","Low","Moderate",NA,NA,NA
"Case1","Sockeye","Sockeye_CU_A","Abs_Abd",2015,15591.6448,8794,NA,NA,169,-37.1465,80.7,0.7619,NA,NA,2,NA,"Amber","A","A","Amber","Node65"," Data Type is RelIdx OR AbsLBM >= 1.5, then Data Type is RelIdx OR AbsUBM >= 1, then Don't have RelLBM, then LongTrend >= 79, then PercChange >= -70, then LongTrend < 233",3,NA,NA,"Green","Red",NA,"Green",NA,NA,NA,NA,NA,NA,15591.6448,8794,"Low","Low","Moderate","Amber","Amber","NotRed"
"Case1","Sockeye","Sockeye_CU_A","Abs_Abd",2016,6662.6166,3753,NA,NA,204,-16.2285,33.4333,0.8281,NA,NA,2,NA,NA,NA,NA,"Amber","Node65"," Data Type is RelIdx OR AbsLBM >= 1.5, then Data Type is RelIdx OR AbsUBM >= 1, then Don't have RelLBM, then LongTrend >= 79, then PercChange >= -70, then LongTrend < 233",3,NA,NA,"Green","Amber",NA,"Green",NA,NA,NA,NA,NA,NA,6662.6166,3753,"Low","Low","Moderate",NA,NA,NA
"Case1","Sockeye","Sockeye_CU_A","Abs_Abd",2017,3933.436,2269,NA,NA,221,-2.2429,14.1,0.8615,NA,NA,2,NA,NA,NA,NA,"Amber","Node65"," Data Type is RelIdx OR AbsLBM >= 1.5, then Data Type is RelIdx OR AbsUBM >= 1, then Don't have RelLBM, then LongTrend >= 79, then PercChange >= -70, then LongTrend < 233",3,NA,NA,"Green","Green",NA,"Green",NA,NA,NA,NA,NA,NA,3933.436,2269,"Low","Low","Moderate",NA,NA,NA
"Case1","Sockeye","Sockeye_CU_A","Abs_Abd",2018,3361.484,1756,NA,NA,199,-13.1533,29.5333,0.8333,NA,NA,2,NA,NA,NA,NA,"Amber","Node65"," Data Type is RelIdx OR AbsLBM >= 1.5, then Data Type is RelIdx OR AbsUBM >= 1, then Don't have RelLBM, then LongTrend >= 79, then PercChange >= -70, then LongTrend < 233",3,NA,NA,"Green","Green",NA,"Green",NA,NA,NA,NA,NA,NA,3361.484,1756,"Low","Low","Moderate",NA,NA,NA
"Case1","Sockeye","Sockeye_CU_A","Abs_Abd",2019,609.5293,362,NA,NA,143,-38.9,71.1667,0.6269,NA,NA,2,NA,NA,NA,NA,"Amber","Node65"," Data Type is RelIdx OR AbsLBM >= 1.5, then Data Type is RelIdx OR AbsUBM >= 1, then Don't have RelLBM, then LongTrend >= 79, then PercChange >= -70, then LongTrend < 233",3,NA,NA,"Green","Red",NA,"Green",NA,NA,NA,NA,NA,NA,609.5293,362,"Low","Low","Moderate",NA,NA,NA
"Case1","Sockeye","Sockeye_CU_A","Abs_Abd",2020,4959.7973,2722,NA,NA,95,-52.9811,85.6667,0.4853,NA,NA,2,NA,NA,NA,NA,"Amber","Node65"," Data Type is RelIdx OR AbsLBM >= 1.5, then Data Type is RelIdx OR AbsUBM >= 1, then Don't have RelLBM, then LongTrend >= 79, then PercChange >= -70, then LongTrend < 233",3,NA,NA,"Green","Red",NA,"Amber",NA,NA,NA,NA,NA,NA,4959.7973,2722,"Low","Low","Moderate",NA,NA,NA
"Case1","Sockeye","Sockeye_CU_A","Abs_Abd",2021,3288.425,1555,NA,NA,68,-65.6922,94.6,0.3768,NA,NA,2,NA,NA,NA,NA,"Red","Node17","Data Type is RelAbd OR AbsLBM >= 1.5, then Data Type is RelAbd OR AbsUBM >= 1, then Don't have RelLBM, then LongTrend < 79",5,NA,NA,"Amber","Red",NA,"Amber",NA,NA,NA,NA,NA,NA,3288.425,1555,"Moderate","Moderate","High",NA,NA,NA
"Case1","Sockeye","Sockeye_CU_A","Abs_Abd",2022,3667.112,1781,NA,NA,54,-73.607,98.1667,0.2571,NA,NA,2,NA,NA,NA,NA,"Red","Node17","Data Type is RelAbd OR AbsLBM >= 1.5, then Data Type is RelAbd OR AbsUBM >= 1, then Don't have RelLBM, then LongTrend < 79",5,NA,NA,"Amber","Red",NA,"Amber",NA,NA,NA,NA,NA,NA,3667.112,1781,"Moderate","Moderate","High",NA,NA,NA
"Case1","Sockeye","Sockeye_CU_A","Abs_Abd",2023,NA,NA,NA,NA,NA,NA,NA,NA,NA,NA,0,NA,NA,NA,NA,"None","Node16.NA","No LongTrend, so no SynStatus",NA,NA,NA,NA,NA,NA,NA,NA,NA,NA,NA,NA,NA,NA,NA,NA,NA,NA,NA,NA,NA
"Case2","Sockeye","Sockeye_CU_B","Abs_Abd",1995,507892.6072,298027,6.89608574673751,499.766230151814,311,238.2887,0,0.9535,1.31752850528132,49.9766230151814,6,499766.230151814,NA,NA,NA,"Green","Node36","Data Type is RelAbd OR AbsLBM >= 1.5, then Data Type is RelAbd OR AbsUBM >= 1, then Have RelLBM, then RelLBM >= 1, then RelUBM >= 1.1",1,"Green","Green","Green","Green",NA,"Green","Green","Green","Green","Green",72471,379321,507892.6072,298027,"High","High","High",NA,NA,NA
"Case2","Sockeye","Sockeye_CU_B","Abs_Abd",1996,923666.585,504469,7.99933721532557,579.719967331859,324,228.6981,0,0.9545,1.52830970953852,57.9719967331859,6,579719.967331859,NA,NA,NA,"Green","Node36","Data Type is RelAbd OR AbsLBM >= 1.5, then Data Type is RelAbd OR AbsUBM >= 1, then Have RelLBM, then RelLBM >= 1, then RelUBM >= 1.1",1,"Green","Green","Green","Green",NA,"Green","Green","Green","Green","Green",72471,379321,923666.585,504469,"High","High","High",NA,NA,NA
"Case2","Sockeye","Sockeye_CU_B","Abs_Abd",1997,901632.4124,509298,9.04508967535893,655.506693862937,307,232.1218,0,0.9333,1.72810546703962,65.5506693862937,6,655506.693862937,NA,NA,NA,"Green","Node36","Data Type is RelAbd OR AbsLBM >= 1.5, then Data Type is RelAbd OR AbsUBM >= 1, then Have RelLBM, then RelLBM >= 1, then RelUBM >= 1.1",1,"Green","Green","Green","Green",NA,"Green","Green","Green","Green","Green",72471,379321,901632.4124,509298,"High","High","High",NA,NA,NA
"Case2","Sockeye","Sockeye_CU_B","Abs_Abd",1998,803415.14,467624,10.5353728193886,763.509003593914,313,234.7671,0,0.9348,2.01283083086334,76.3509003593914,6,763509.003593914,NA,NA,NA,"Green","Node36","Data Type is RelAbd OR AbsLBM >= 1.5, then Data Type is RelAbd OR AbsUBM >= 1, then Have RelLBM, then RelLBM >= 1, then RelUBM >= 1.1",1,"Green","Green","Green","Green",NA,"Green","Green","Green","Green","Green",72471,379321,803415.14,467624,"High","High","High",NA,NA,NA
"Case2","Sockeye","Sockeye_CU_B","Abs_Abd",1999,857152.5138,432565,12.0080216351086,870.233335917958,342,233.6694,0,0.9362,2.29418707616493,87.0233335917958,6,870233.335917959,NA,NA,NA,"Green","Node36","Data Type is RelAbd OR AbsLBM >= 1.5, then Data Type is RelAbd OR AbsUBM >= 1, then Have RelLBM, then RelLBM >= 1, then RelUBM >= 1.1",1,"Green","Green","Green","Green",NA,"Green","Green","Green","Green","Green",72471,379321,857152.5138,432565,"High","High","High",NA,NA,NA
"Case2","Sockeye","Sockeye_CU_B","Abs_Abd",2000,731770.9122,395559,11.3288659797852,821.014246421014,359,181.0236,0,0.9375,2.16443130335788,82.1014246421014,6,821014.246421014,NA,NA,NA,"Green","Node36","Data Type is RelAbd OR AbsLBM >= 1.5, then Data Type is RelAbd OR AbsUBM >= 1, then Have RelLBM, then RelLBM >= 1, then RelUBM >= 1.1",1,"Green","Green","Green","Green",NA,"Green","Green","Green","Green","Green",72471,379321,731770.9122,395559,"High","High","High",NA,NA,NA
"Case2","Sockeye","Sockeye_CU_B","Abs_Abd",2001,657102.9917,331244,10.467366276257,758.580501406623,357,114.1499,0,0.9592,1.99983787189906,75.8580501406623,6,758580.501406623,NA,NA,NA,"Green","Node36","Data Type is RelAbd OR AbsLBM >= 1.5, then Data Type is RelAbd OR AbsUBM >= 1, then Have RelLBM, then RelLBM >= 1, then RelUBM >= 1.1",1,"Green","Green","Green","Green",NA,"Green","Green","Green","Green","Green",72471,379321,657102.9917,331244,"High","High","High",NA,NA,NA
"Case2","Sockeye","Sockeye_CU_B","Abs_Abd",2002,381910.9434,215050,8.69146417102358,629.87909993825,327,57.117,0.0667,0.92,1.66054370820031,62.987909993825,6,629879.09993825,NA,NA,NA,"Green","Node36","Data Type is RelAbd OR AbsLBM >= 1.5, then Data Type is RelAbd OR AbsUBM >= 1, then Have RelLBM, then RelLBM >= 1, then RelUBM >= 1.1",1,"Green","Green","Green","Green",NA,"Green","Green","Green","Green","Green",72471,379321,381910.9434,215050,"High","High","High",NA,NA,NA
"Case2","Sockeye","Sockeye_CU_B","Abs_Abd",2003,606556.8691,334896,7.97161470762436,577.710889476245,289,18.4183,1.1333,0.8824,1.52301319852116,57.7710889476245,6,577710.889476245,NA,NA,NA,"Green","Node36","Data Type is RelAbd OR AbsLBM >= 1.5, then Data Type is RelAbd OR AbsUBM >= 1, then Have RelLBM, then RelLBM >= 1, then RelUBM >= 1.1",1,"Green","Green","Green","Green",NA,"Green","Green","Green","Green","Green",72471,379321,606556.8691,334896,"High","High","High",NA,NA,NA
"Case2","Sockeye","Sockeye_CU_B","Abs_Abd",2004,90273.0198,49193,4.72434937255218,342.378323378229,230,-25.7861,51.8333,0.7885,0.90260840654282,34.2378323378229,6,342378.323378229,NA,NA,NA,"Amber","Node37","Data Type is RelAbd OR AbsLBM >= 1.5, then Data Type is RelAbd OR AbsUBM >= 1, then Have RelLBM, then RelLBM >= 1, then RelUBM < 1.1",3,"Amber","Green","Green","Red",NA,"Green","Amber","Green","Amber","Green",72471,379321,90273.0198,49193,"High","High","Moderate",NA,NA,NA
"Case2","Sockeye","Sockeye_CU_B","Abs_Abd",2005,535538.2264,285065,4.48881042904204,325.308580603106,186,-39.984,79.4333,0.7736,0.857607621521365,32.5308580603106,6,325308.580603106,NA,NA,NA,"Amber","Node37","Data Type is RelAbd OR AbsLBM >= 1.5, then Data Type is RelAbd OR AbsUBM >= 1, then Have RelLBM, then RelLBM >= 1, then RelUBM < 1.1",3,"Amber","Green","Green","Red",NA,"Green","Amber","Green","Amber","Green",72471,379321,535538.2264,285065,"High","High","Moderate",NA,NA,NA
"Case2","Sockeye","Sockeye_CU_B","Abs_Abd",2006,456754.378,261918,4.69419815768463,340.193234685563,160,-50.7202,94.1667,0.7593,0.896847879989673,34.0193234685563,6,340193.234685563,NA,NA,NA,"Amber","Node37","Data Type is RelAbd OR AbsLBM >= 1.5, then Data Type is RelAbd OR AbsUBM >= 1, then Have RelLBM, then RelLBM >= 1, then RelUBM < 1.1",3,"Amber","Green","Green","Red",NA,"Green","Amber","Green","Amber","Green",72471,379321,456754.378,261918,"High","High","Moderate",NA,NA,NA
"Case2","Sockeye","Sockeye_CU_B","Abs_Abd",2007,299307.7458,156518,3.93435030968438,285.126301293137,134,-64.4509,99.8333,0.6909,0.751675497252028,28.5126301293136,6,285126.301293136,NA,NA,NA,"Amber","Node37","Data Type is RelAbd OR AbsLBM >= 1.5, then Data Type is RelAbd OR AbsUBM >= 1, then Have RelLBM, then RelLBM >= 1, then RelUBM < 1.1",3,"Amber","Green","Green","Red",NA,"Green","Amber","Green","Amber","Green",72471,379321,299307.7458,156518,"High","High","Moderate",NA,NA,NA
"Case2","Sockeye","Sockeye_CU_B","Abs_Abd",2008,131552.8695,68731,4.32273502611404,313.272930077511,130,-70.5278,99.9667,0.6964,0.825878161445085,31.3272930077511,6,313272.930077511,NA,NA,NA,"Amber","Node37","Data Type is RelAbd OR AbsLBM >= 1.5, then Data Type is RelAbd OR AbsUBM >= 1, then Have RelLBM, then RelLBM >= 1, then RelUBM < 1.1",3,"Amber","Green","Green","Red",NA,"Green","Amber","Green","Amber","Green",72471,379321,131552.8695,68731,"High","High","Moderate",NA,NA,NA
"Case2","Sockeye","Sockeye_CU_B","Abs_Abd",2009,212482.8082,127367,3.43077269902405,248.631528270972,122,-74.5548,100,0.6842,0.655464707387601,24.8631528270972,6,248631.528270972,NA,NA,NA,"Amber","Node37","Data Type is RelAbd OR AbsLBM >= 1.5, then Data Type is RelAbd OR AbsUBM >= 1, then Have RelLBM, then RelLBM >= 1, then RelUBM < 1.1",3,"Amber","Green","Green","Red",NA,"Green","Amber","Green","Amber","Green",72471,379321,212482.8082,127367,"High","High","Moderate",NA,NA,NA
"Case2","Sockeye","Sockeye_CU_B","Abs_Abd",2010,2124163.371,1181540,5.03811695095223,365.117373552459,123,-70.359,99.9667,0.6724,0.962555127589717,36.5117373552459,6,365117.373552459,"Green","G","G","Amber","Node37","Data Type is RelAbd OR AbsLBM >= 1.5, then Data Type is RelAbd OR AbsUBM >= 1, then Have RelLBM, then RelLBM >= 1, then RelUBM < 1.1",3,"Amber","Green","Green","Red",NA,"Green","Amber","Green","Amber","Green",72471,379321,2124163.371,1181540,"High","High","Moderate","Green","Green","NotRed"
"Case2","Sockeye","Sockeye_CU_B","Abs_Abd",2011,748072.3523,457653,6.33467964294104,459.08056840358,139,-57.1021,96.6667,0.7288,1.21026931913493,45.908056840358,6,459080.56840358,NA,NA,NA,"Green","Node36","Data Type is RelAbd OR AbsLBM >= 1.5, then Data Type is RelAbd OR AbsUBM >= 1, then Have RelLBM, then RelLBM >= 1, then RelUBM >= 1.1",1,"Green","Green","Green","Red",NA,"Green","Green","Green","Green","Green",72471,379321,748072.3523,457653,"High","High","High",NA,NA,NA
"Case2","Sockeye","Sockeye_CU_B","Abs_Abd",2012,164108.91,90759,6.69472304763416,485.173273985095,156,-34.7437,68.8333,0.75,1.27905724698895,48.5173273985095,6,485173.273985095,NA,NA,NA,"Green","Node36","Data Type is RelAbd OR AbsLBM >= 1.5, then Data Type is RelAbd OR AbsUBM >= 1, then Have RelLBM, then RelLBM >= 1, then RelUBM >= 1.1",1,"Green","Green","Green","Red",NA,"Green","Green","Green","Green","Green",72471,379321,164108.91,90759,"High","High","High",NA,NA,NA
"Case2","Sockeye","Sockeye_CU_B","Abs_Abd",2013,1183947.2085,624483,10.2857212534091,745.416504955814,202,17.6007,10.8667,0.7869,1.96513376521683,74.5416504955814,6,745416.504955814,NA,NA,NA,"Green","Node36","Data Type is RelAbd OR AbsLBM >= 1.5, then Data Type is RelAbd OR AbsUBM >= 1, then Have RelLBM, then RelLBM >= 1, then RelUBM >= 1.1",1,"Green","Green","Green","Green",NA,"Green","Green","Green","Green","Green",72471,379321,1183947.2085,624483,"High","High","High",NA,NA,NA
"Case2","Sockeye","Sockeye_CU_B","Abs_Abd",2014,1025559.5712,669181,8.5738917249109,621.358507196018,231,74.9227,1.0667,0.8226,1.63808095833349,62.1358507196018,6,621358.507196018,NA,NA,NA,"Green","Node36","Data Type is RelAbd OR AbsLBM >= 1.5, then Data Type is RelAbd OR AbsUBM >= 1, then Have RelLBM, then RelLBM >= 1, then RelUBM >= 1.1",1,"Green","Green","Green","Green",NA,"Green","Green","Green","Green","Green",72471,379321,1025559.5712,669181,"High","High","High",NA,NA,NA
"Case2","Sockeye","Sockeye_CU_B","Abs_Abd",2015,653597.64,429012,8.28933540567734,600.736426184843,246,149.4276,0,0.8413,1.58371518103359,60.0736426184843,6,600736.426184843,"Green","G","G","Green","Node36","Data Type is RelAbd OR AbsLBM >= 1.5, then Data Type is RelAbd OR AbsUBM >= 1, then Have RelLBM, then RelLBM >= 1, then RelUBM >= 1.1",1,"Green","Green","Green","Green",NA,"Green","Green","Green","Green","Green",72471,379321,653597.64,429012,"High","High","High","Green","Green","NotRed"
"Case2","Sockeye","Sockeye_CU_B","Abs_Abd",2016,134499.8076,66013,7.88709529342377,571.585683009714,253,168.6294,0,0.8906,1.50686538053447,57.1585683009714,6,571585.683009714,NA,NA,NA,"Green","Node36","Data Type is RelAbd OR AbsLBM >= 1.5, then Data Type is RelAbd OR AbsUBM >= 1, then Have RelLBM, then RelLBM >= 1, then RelUBM >= 1.1",1,"Green","Green","Green","Green",NA,"Green","Green","Green","Green","Green",72471,379321,134499.8076,66013,"High","High","High",NA,NA,NA
"Case2","Sockeye","Sockeye_CU_B","Abs_Abd",2017,356268.372,212956,5.84155299400775,423.343187028736,221,138.324,0.0333,0.8,1.11605523297876,42.3343187028736,6,423343.187028736,NA,NA,NA,"Green","Node36","Data Type is RelAbd OR AbsLBM >= 1.5, then Data Type is RelAbd OR AbsUBM >= 1, then Have RelLBM, then RelLBM >= 1, then RelUBM >= 1.1",1,"Green","Green","Green","Green",NA,"Green","Green","Green","Green","Green",72471,379321,356268.372,212956,"High","High","High",NA,NA,NA
"Case2","Sockeye","Sockeye_CU_B","Abs_Abd",2018,609460.544,388737,5.12890313066728,371.696738782589,194,99.6354,0.2333,0.7727,0.979900239592821,37.1696738782588,6,371696.738782589,NA,NA,NA,"Amber","Node37","Data Type is RelAbd OR AbsLBM >= 1.5, then Data Type is RelAbd OR AbsUBM >= 1, then Have RelLBM, then RelLBM >= 1, then RelUBM < 1.1",3,"Amber","Green","Green","Green",NA,"Green","Amber","Green","Amber","Green",72471,379321,609460.544,388737,"High","High","Moderate",NA,NA,NA
"Case2","Sockeye","Sockeye_CU_B","Abs_Abd",2019,165920.634,74636,3.64059172351578,263.837322794912,154,23.9149,8.5,0.7015,0.695551585055697,26.3837322794912,6,263837.322794912,NA,NA,NA,"Amber","Node37","Data Type is RelAbd OR AbsLBM >= 1.5, then Data Type is RelAbd OR AbsUBM >= 1, then Have RelLBM, then RelLBM >= 1, then RelUBM < 1.1",3,"Amber","Green","Green","Green",NA,"Green","Amber","Green","Amber","Green",72471,379321,165920.634,74636,"High","High","Moderate",NA,NA,NA
"Case2","Sockeye","Sockeye_CU_B","Abs_Abd",2020,51454.8207,27054,2.86317622381186,207.497244115869,118,-26.6346,52.1333,0.6176,0.547022822664363,20.7497244115869,6,207497.244115869,NA,NA,NA,"Amber","Node37","Data Type is RelAbd OR AbsLBM >= 1.5, then Data Type is RelAbd OR AbsUBM >= 1, then Have RelLBM, then RelLBM >= 1, then RelUBM < 1.1",3,"Amber","Green","Green","Red",NA,"Green","Amber","Green","Amber","Green",72471,379321,51454.8207,27054,"High","High","Moderate",NA,NA,NA
"Case2","Sockeye","Sockeye_CU_B","Abs_Abd",2021,899784.9835,539551,3.60942853070109,261.578895048439,103,-54.2423,92.7,0.5797,0.689597715519149,26.1578895048439,6,261578.895048439,NA,NA,NA,"Amber","Node37","Data Type is RelAbd OR AbsLBM >= 1.5, then Data Type is RelAbd OR AbsUBM >= 1, then Have RelLBM, then RelLBM >= 1, then RelUBM < 1.1",3,"Amber","Green","Green","Red",NA,"Green","Amber","Green","Amber","Green",72471,379321,899784.9835,539551,"High","High","Moderate",NA,NA,NA
"Case2","Sockeye","Sockeye_CU_B","Abs_Abd",2022,872969.2218,484123,3.94867855540886,286.164683589036,94,-65.2372,99.5667,0.4857,0.754412973679379,28.6164683589036,6,286164.683589036,NA,NA,NA,"Amber","Node37","Data Type is RelAbd OR AbsLBM >= 1.5, then Data Type is RelAbd OR AbsUBM >= 1, then Have RelLBM, then RelLBM >= 1, then RelUBM < 1.1",3,"Amber","Green","Green","Red",NA,"Amber","Amber","Green","Amber","Green",72471,379321,872969.2218,484123,"High","High","Moderate",NA,NA,NA
"Case2","Sockeye","Sockeye_CU_B","Abs_Abd",2023,NA,NA,NA,NA,NA,NA,NA,NA,NA,NA,0,NA,NA,NA,NA,"None","Node16.NA","No LongTrend, so no SynStatus",NA,NA,NA,NA,NA,NA,NA,NA,NA,NA,NA,72471,379321,NA,NA,NA,NA,NA,NA,NA,NA
"Case3","Sockeye","Sockeye_CU_C","Abs_Abd",1995,NA,NA,NA,NA,NA,NA,NA,NA,NA,NA,0,NA,NA,NA,NA,"None","Node16.NA","No LongTrend, so no SynStatus",NA,NA,NA,NA,NA,NA,NA,NA,NA,NA,NA,344.4575075,699.3509887,NA,NA,NA,NA,NA,NA,NA,NA
"Case3","Sockeye","Sockeye_CU_C","Abs_Abd",1996,NA,NA,NA,NA,NA,NA,NA,NA,NA,NA,0,NA,NA,NA,NA,"None","Node16.NA","No LongTrend, so no SynStatus",NA,NA,NA,NA,NA,NA,NA,NA,NA,NA,NA,344.4575075,699.3509887,NA,NA,NA,NA,NA,NA,NA,NA
"Case3","Sockeye","Sockeye_CU_C","Abs_Abd",1997,NA,NA,NA,NA,NA,NA,NA,NA,NA,NA,0,NA,NA,NA,NA,"None","Node16.NA","No LongTrend, so no SynStatus",NA,NA,NA,NA,NA,NA,NA,NA,NA,NA,NA,344.4575075,699.3509887,NA,NA,NA,NA,NA,NA,NA,NA
"Case3","Sockeye","Sockeye_CU_C","Abs_Abd",1998,NA,NA,NA,NA,NA,NA,NA,NA,NA,NA,0,NA,NA,NA,NA,"None","Node16.NA","No LongTrend, so no SynStatus",NA,NA,NA,NA,NA,NA,NA,NA,NA,NA,NA,344.4575075,699.3509887,NA,NA,NA,NA,NA,NA,NA,NA
"Case3","Sockeye","Sockeye_CU_C","Abs_Abd",1999,406.1538462,406.1538462,NA,NA,NA,NA,NA,NA,NA,NA,0,NA,NA,NA,NA,"None","Node16.NA","No LongTrend, so no SynStatus",NA,NA,NA,NA,NA,NA,NA,NA,NA,NA,NA,344.4575075,699.3509887,406.1538462,406.1538462,NA,NA,NA,NA,NA,NA
"Case3","Sockeye","Sockeye_CU_C","Abs_Abd",2000,504.6153846,504.6153846,NA,NA,NA,NA,NA,NA,NA,NA,0,NA,NA,NA,NA,"None","Node16.NA","No LongTrend, so no SynStatus",NA,NA,NA,NA,NA,NA,NA,NA,NA,NA,NA,344.4575075,699.3509887,504.6153846,504.6153846,NA,NA,NA,NA,NA,NA
"Case3","Sockeye","Sockeye_CU_C","Abs_Abd",2001,1164.307692,1164.307692,NA,NA,NA,NA,NA,NA,NA,NA,0,NA,NA,NA,NA,"None","Node16.NA","No LongTrend, so no SynStatus",NA,NA,NA,NA,NA,NA,NA,NA,NA,NA,NA,344.4575075,699.3509887,1164.307692,1164.307692,NA,NA,NA,NA,NA,NA
"Case3","Sockeye","Sockeye_CU_C","Abs_Abd",2002,1115.8290595,1115.8290595,NA,NA,NA,NA,NA,NA,NA,NA,0,NA,NA,NA,NA,"None","Node16.NA","No LongTrend, so no SynStatus",NA,NA,NA,NA,NA,NA,NA,NA,NA,NA,NA,344.4575075,699.3509887,1115.8290595,1115.8290595,NA,NA,NA,NA,NA,NA
"Case3","Sockeye","Sockeye_CU_C","Abs_Abd",2003,1067.350427,1067.350427,2.25729879235355,0.777543515696864,NA,NA,NA,NA,1.11180727311505,0.0777543515696864,4,777.543515696864,NA,NA,NA,"Red","Node3","Data Type is AbsAbd AND AbsLBM < 1.5",5,"Green","Red",NA,NA,NA,NA,"Green","Red","Green","Red",344.4575075,699.3509887,1067.350427,1067.350427,"High","High","High",NA,NA,NA
"Case3","Sockeye","Sockeye_CU_C","Abs_Abd",2004,667.1636858,667.1636858,2.49285727923826,0.858683404959644,NA,NA,NA,NA,1.22782897119488,0.0858683404959644,4,858.683404959644,NA,NA,NA,"Red","Node3","Data Type is AbsAbd AND AbsLBM < 1.5",5,"Green","Red",NA,NA,NA,NA,"Green","Red","Green","Red",344.4575075,699.3509887,667.1636858,667.1636858,"High","High","High",NA,NA,NA
"Case3","Sockeye","Sockeye_CU_C","Abs_Abd",2005,266.9769446,266.9769446,2.19482586407462,0.756024246535678,NA,NA,NA,NA,1.08103693102805,0.0756024246535678,4,756.024246535678,NA,NA,NA,"Red","Node3","Data Type is AbsAbd AND AbsLBM < 1.5",5,"Green","Red",NA,NA,NA,NA,"Green","Red","Green","Red",344.4575075,699.3509887,266.9769446,266.9769446,"High","High","High",NA,NA,NA
"Case3","Sockeye","Sockeye_CU_C","Abs_Abd",2006,88,88,1.30943230269688,0.451043787226952,NA,NA,NA,NA,0.644946235173532,0.0451043787226952,4,451.043787226952,NA,NA,NA,"Red","Node3","Data Type is AbsAbd AND AbsLBM < 1.5",5,"Amber","Red",NA,NA,NA,NA,"Amber","Red","Amber","Red",344.4575075,699.3509887,88,88,"High","High","High",NA,NA,NA
"Case3","Sockeye","Sockeye_CU_C","Abs_Abd",2007,292.8205128,292.8205128,1.00203713436994,0.345159213727511,NA,NA,NA,NA,0.493542183116257,0.0345159213727511,4,345.159213727511,NA,NA,NA,"Red","Node3","Data Type is AbsAbd AND AbsLBM < 1.5",5,"Amber","Red",NA,NA,NA,NA,"Amber","Red","Amber","Red",344.4575075,699.3509887,292.8205128,292.8205128,"High","High","High",NA,NA,NA
"Case3","Sockeye","Sockeye_CU_C","Abs_Abd",2008,95.00674764,95.00674764,0.617693883482461,0.212769295502364,NA,NA,NA,NA,0.304238213629859,0.0212769295502364,4,212.769295502364,NA,NA,NA,"Red","Node3","Data Type is AbsAbd AND AbsLBM < 1.5",5,"Red","Red",NA,NA,NA,NA,"Red","Red","Red","Red",344.4575075,699.3509887,95.00674764,95.00674764,"High","High","High",NA,NA,NA
"Case3","Sockeye","Sockeye_CU_C","Abs_Abd",2009,780.432553,780.432553,0.637373343498049,0.219548033248279,NA,NA,NA,NA,0.313931111552998,0.0219548033248279,4,219.548033248279,NA,NA,NA,"Red","Node3","Data Type is AbsAbd AND AbsLBM < 1.5",5,"Red","Red",NA,NA,NA,NA,"Red","Red","Red","Red",344.4575075,699.3509887,780.432553,780.432553,"High","High","High",NA,NA,NA
"Case3","Sockeye","Sockeye_CU_C","Abs_Abd",2010,1310.722689,1310.722689,0.876196084350593,0.301812319296665,88,NA,NA,0.4,0.431560581415197,0.0301812319296665,5,301.812319296665,NA,NA,NA,"Red","Node3","Data Type is AbsAbd AND AbsLBM < 1.5",5,"Red","Red","Green",NA,NA,"Amber","Red","Red","Red","Red",344.4575075,699.3509887,1310.722689,1310.722689,"High","High","High",NA,NA,NA
"Case3","Sockeye","Sockeye_CU_C","Abs_Abd",2011,1380.710059,1380.710059,1.51958595672355,0.523432791084998,88,NA,NA,0.4375,0.748455066972866,0.0523432791084998,5,523.432791084998,NA,NA,NA,"Red","Node3","Data Type is AbsAbd AND AbsLBM < 1.5",5,"Amber","Red","Green",NA,NA,"Amber","Amber","Red","Amber","Red",344.4575075,699.3509887,1380.710059,1380.710059,"High","High","High",NA,NA,NA
"Case3","Sockeye","Sockeye_CU_C","Abs_Abd",2012,2860,2860,2.39705599161961,0.825683932211232,100,NA,NA,0.4706,1.18064311848056,0.0825683932211232,5,825.683932211232,NA,NA,NA,"Red","Node3","Data Type is AbsAbd AND AbsLBM < 1.5",5,"Green","Red","Green",NA,NA,"Amber","Green","Red","Green","Red",344.4575075,699.3509887,2860,2860,"High","High","High",NA,NA,NA
"Case3","Sockeye","Sockeye_CU_C","Abs_Abd",2013,550,550,3.40564853341418,1.17310120524088,131,NA,NA,0.5556,1.67741409420399,0.117310120524088,5,1173.10120524088,NA,NA,NA,"Red","Node3","Data Type is AbsAbd AND AbsLBM < 1.5",5,"Green","Amber","Green",NA,NA,"Green","Green","Amber","Green","Amber",344.4575075,699.3509887,550,550,"High","High","High",NA,NA,NA
"Case3","Sockeye","Sockeye_CU_C","Abs_Abd",2014,4831.71143,4831.71143,4.9040280856844,1.68922929110484,183,NA,NA,0.7368,2.41542418384922,0.168922929110484,5,1689.22929110484,NA,NA,NA,"Amber","Node22","Data Type is RelAbd OR AbsLBM >= 1.5, then Data Type is AbsAbd AND AbsUBM < 1,then Have RelLBM, then RelLBM >= 1",3,"Green","Amber","Green",NA,NA,"Green","Green","Amber","Green","Amber",344.4575075,699.3509887,4831.71143,4831.71143,"High","High","High",NA,NA,NA
"Case3","Sockeye","Sockeye_CU_C","Abs_Abd",2015,1257.370777,1257.370777,4.86343882896246,1.67524801690313,240,NA,NA,0.85,2.39543239942677,0.167524801690313,5,1675.24801690313,NA,NA,NA,"Amber","Node22","Data Type is RelAbd OR AbsLBM >= 1.5, then Data Type is AbsAbd AND AbsUBM < 1,then Have RelLBM, then RelLBM >= 1",3,"Green","Amber","Green",NA,NA,"Green","Green","Amber","Green","Amber",344.4575075,699.3509887,1257.370777,1257.370777,"High","High","High",NA,NA,NA
"Case3","Sockeye","Sockeye_CU_C","Abs_Abd",2016,1134.358974,1134.358974,4.67598449322691,1.61067796364559,283,NA,NA,0.8571,2.30310386296819,0.161067796364559,5,1610.67796364559,NA,NA,NA,"Amber","Node22","Data Type is RelAbd OR AbsLBM >= 1.5, then Data Type is AbsAbd AND AbsUBM < 1,then Have RelLBM, then RelLBM >= 1",3,"Green","Amber","Green",NA,NA,"Green","Green","Amber","Green","Amber",344.4575075,699.3509887,1134.358974,1134.358974,"High","High","High",NA,NA,NA
"Case3","Sockeye","Sockeye_CU_C","Abs_Abd",2017,329.1468531,329.1468531,3.03443470717366,1.04523381590453,286,210.5359,1,0.8636,1.49457687597966,0.104523381590453,6,1045.23381590453,NA,NA,NA,"Red","Node3","Data Type is AbsAbd AND AbsLBM < 1.5",5,"Green","Amber","Green","Green",NA,"Green","Green","Amber","Green","Amber",344.4575075,699.3509887,329.1468531,329.1468531,"High","High","High",NA,NA,NA
"Case3","Sockeye","Sockeye_CU_C","Abs_Abd",2018,1123.778542,1123.778542,3.50059127679812,1.20580494598212,277,293.1363,0.2,0.8696,1.72417708055801,0.120580494598212,6,1205.80494598212,NA,NA,NA,"Red","Node3","Data Type is AbsAbd AND AbsLBM < 1.5",5,"Green","Amber","Green","Green",NA,"Green","Green","Amber","Green","Amber",344.4575075,699.3509887,1123.778542,1123.778542,"High","High","High",NA,NA,NA
"Case3","Sockeye","Sockeye_CU_C","Abs_Abd",2019,1318.837607,1318.837607,2.69997332244295,0.930026080965193,240,374.1123,0.1333,0.875,1.32984166175841,0.0930026080965193,6,930.026080965194,NA,NA,NA,"Red","Node3","Data Type is AbsAbd AND AbsLBM < 1.5",5,"Green","Red","Green","Green",NA,"Green","Green","Red","Green","Red",344.4575075,699.3509887,1318.837607,1318.837607,"High","High","High",NA,NA,NA
"Case3","Sockeye","Sockeye_CU_C","Abs_Abd",2020,112,112,1.66460197311987,0.573384646640454,193,353.2425,0.1667,0.76,0.819881083897942,0.0573384646640454,6,573.384646640454,NA,NA,NA,"Red","Node3","Data Type is AbsAbd AND AbsLBM < 1.5",5,"Amber","Red","Green","Green",NA,"Green","Amber","Red","Amber","Red",344.4575075,699.3509887,112,112,"High","High","High",NA,NA,NA
"Case3","Sockeye","Sockeye_CU_C","Abs_Abd",2021,1496,1496,1.75932721792723,0.606013468364123,158,267.8964,0.3333,0.6923,0.866536943760702,0.0606013468364123,6,606.013468364123,NA,NA,NA,"Red","Node3","Data Type is AbsAbd AND AbsLBM < 1.5",5,"Amber","Red","Green","Green",NA,"Green","Amber","Red","Amber","Red",344.4575075,699.3509887,1496,1496,"High","High","High",NA,NA,NA
"Case3","Sockeye","Sockeye_CU_C","Abs_Abd",2022,448,448,1.87121755378449,0.644554934566853,142,174.3944,1.2333,0.6296,0.921647277234847,0.0644554934566853,6,644.554934566853,NA,NA,NA,"Red","Node3","Data Type is AbsAbd AND AbsLBM < 1.5",5,"Amber","Red","Green","Green",NA,"Green","Amber","Red","Amber","Red",344.4575075,699.3509887,448,448,"High","High","High",NA,NA,NA
"Case4","Sockeye","Sockeye_CU_D","Abs_Abd",1995,27454.82527,27454.82527,2.83652579471053,11.0345956834719,64,-64.0204,99.4667,0.3438,1.51228785951631,1.10345956834719,6,11034.5956834719,NA,NA,NA,"Green","Node36","Data Type is RelAbd OR AbsLBM >= 1.5, then Data Type is RelAbd OR AbsUBM >= 1, then Have RelLBM, then RelLBM >= 1, then RelUBM >= 1.1",1,"Green","Green","Amber","Red",NA,"Amber","Green","Green","Green","Green",3890.179918,7296.623863,27454.82527,27454.82527,"High","High","High",NA,NA,NA
"Case4","Sockeye","Sockeye_CU_D","Abs_Abd",1996,23681.15407,23681.15407,3.17612287116227,12.355689410496,72,-62.1602,99.1333,0.3636,1.69334333830056,1.2355689410496,6,12355.689410496,NA,NA,NA,"Green","Node36","Data Type is RelAbd OR AbsLBM >= 1.5, then Data Type is RelAbd OR AbsUBM >= 1, then Have RelLBM, then RelLBM >= 1, then RelUBM >= 1.1",1,"Green","Green","Amber","Red",NA,"Amber","Green","Green","Green","Green",3890.179918,7296.623863,23681.15407,23681.15407,"High","High","High",NA,NA,NA
"Case4","Sockeye","Sockeye_CU_D","Abs_Abd",1997,3445.525881,3445.525881,2.54691637032008,9.90796291664461,76,-56.9461,97.5,0.3529,1.35788319401885,0.990796291664461,6,9907.96291664461,NA,NA,NA,"Amber","Node22","Data Type is RelAbd OR AbsLBM >= 1.5, then Data Type is AbsAbd AND AbsUBM < 1,then Have RelLBM, then RelLBM >= 1",3,"Green","Amber","Green","Red",NA,"Amber","Green","Amber","Green","Amber",3890.179918,7296.623863,3445.525881,3445.525881,"High","High","High",NA,NA,NA
"Case4","Sockeye","Sockeye_CU_D","Abs_Abd",1998,5319.758874,5319.758874,2.10873535397563,8.2033599264126,77,-50.8528,93.6667,0.3714,1.12426789162184,0.82033599264126,6,8203.3599264126,NA,NA,NA,"Amber","Node22","Data Type is RelAbd OR AbsLBM >= 1.5, then Data Type is AbsAbd AND AbsUBM < 1,then Have RelLBM, then RelLBM >= 1",3,"Green","Amber","Green","Red",NA,"Amber","Green","Amber","Green","Amber",3890.179918,7296.623863,5319.758874,5319.758874,"High","High","High",NA,NA,NA
"Case4","Sockeye","Sockeye_CU_D","Abs_Abd",1999,9933.171265,9933.171265,2.65877569117649,10.3431158002813,83,-38.2293,76.6667,0.3889,1.41752075952957,1.03431158002813,6,10343.1158002813,NA,NA,NA,"Green","Node36","Data Type is RelAbd OR AbsLBM >= 1.5, then Data Type is RelAbd OR AbsUBM >= 1, then Have RelLBM, then RelLBM >= 1, then RelUBM >= 1.1",1,"Green","Green","Green","Red",NA,"Amber","Green","Green","Green","Green",3890.179918,7296.623863,9933.171265,9933.171265,"High","High","High",NA,NA,NA
"Case4","Sockeye","Sockeye_CU_D","Abs_Abd",2000,10447.8262925,10447.8262925,2.19160938375662,8.52575481279036,80,-23.1515,46.1667,0.3784,1.1684520091577,0.852575481279036,6,8525.75481279036,NA,NA,NA,"Amber","Node22","Data Type is RelAbd OR AbsLBM >= 1.5, then Data Type is AbsAbd AND AbsUBM < 1,then Have RelLBM, then RelLBM >= 1",3,"Green","Amber","Green","Amber",NA,"Amber","Green","Amber","Green","Amber",3890.179918,7296.623863,10447.8262925,10447.8262925,"High","High","High",NA,NA,NA
"Case4","Sockeye","Sockeye_CU_D","Abs_Abd",2001,10962.48132,10962.48132,1.87872992010775,7.3085974065489,73,-10.9651,19.0333,0.3947,1.00164097036845,0.73085974065489,6,7308.5974065489,NA,NA,NA,"Amber","Node22","Data Type is RelAbd OR AbsLBM >= 1.5, then Data Type is AbsAbd AND AbsUBM < 1,then Have RelLBM, then RelLBM >= 1",3,"Green","Amber","Amber","Green",NA,"Amber","Green","Amber","Green","Amber",3890.179918,7296.623863,10962.48132,10962.48132,"High","High","High",NA,NA,NA
"Case4","Sockeye","Sockeye_CU_D","Abs_Abd",2002,6873.1521065,6873.1521065,2.15697166289847,8.3910078467027,71,-0.0074,6.2667,0.3846,1.14998497993739,0.83910078467027,6,8391.0078467027,NA,NA,NA,"Amber","Node22","Data Type is RelAbd OR AbsLBM >= 1.5, then Data Type is AbsAbd AND AbsUBM < 1,then Have RelLBM, then RelLBM >= 1",3,"Green","Amber","Amber","Green",NA,"Amber","Green","Amber","Green","Amber",3890.179918,7296.623863,6873.1521065,6873.1521065,"High","High","High",NA,NA,NA
"Case4","Sockeye","Sockeye_CU_D","Abs_Abd",2003,2783.822893,2783.822893,1.8949352315594,7.37163898372305,71,3.7909,4.4,0.375,1.0102807986449,0.737163898372305,6,7371.63898372305,NA,NA,NA,"Amber","Node22","Data Type is RelAbd OR AbsLBM >= 1.5, then Data Type is AbsAbd AND AbsUBM < 1,then Have RelLBM, then RelLBM >= 1",3,"Green","Amber","Amber","Green",NA,"Amber","Green","Amber","Green","Amber",3890.179918,7296.623863,2783.822893,2783.822893,"High","High","High",NA,NA,NA
"Case4","Sockeye","Sockeye_CU_D","Abs_Abd",2004,5168.869836,5168.869836,1.6628608362862,6.46882783174928,65,2.0101,4.6,0.2927,0.886550814898334,0.646882783174928,6,6468.82783174928,NA,NA,NA,"Amber","Node22","Data Type is RelAbd OR AbsLBM >= 1.5, then Data Type is AbsAbd AND AbsUBM < 1,then Have RelLBM, then RelLBM >= 1",3,"Amber","Amber","Amber","Green",NA,"Amber","Amber","Amber","Amber","Amber",3890.179918,7296.623863,5168.869836,5168.869836,"High","High","High",NA,NA,NA
"Case4","Sockeye","Sockeye_CU_D","Abs_Abd",2005,8282.535686,8282.535686,1.58738904723954,6.17522899362439,62,-16.7981,26.9667,0.2381,0.84631318669693,0.617522899362439,6,6175.22899362439,NA,NA,NA,"Amber","Node22","Data Type is RelAbd OR AbsLBM >= 1.5, then Data Type is AbsAbd AND AbsUBM < 1,then Have RelLBM, then RelLBM >= 1",3,"Amber","Amber","Amber","Amber",NA,"Red","Amber","Amber","Amber","Amber",3890.179918,7296.623863,8282.535686,8282.535686,"High","High","High",NA,NA,NA
"Case4","Sockeye","Sockeye_CU_D","Abs_Abd",2006,2530.911928,2530.911928,1.18401447728911,4.60602934217134,58,-36.8967,82.4,0.186,0.631254869190637,0.460602934217134,6,4606.02934217134,NA,NA,NA,"Amber","Node22","Data Type is RelAbd OR AbsLBM >= 1.5, then Data Type is AbsAbd AND AbsUBM < 1,then Have RelLBM, then RelLBM >= 1",3,"Amber","Amber","Amber","Red",NA,"Red","Amber","Amber","Amber","Amber",3890.179918,7296.623863,2530.911928,2530.911928,"High","High","High",NA,NA,NA
"Case4","Sockeye","Sockeye_CU_D","Abs_Abd",2007,6126.456801,6126.456801,1.15709148260251,4.50129404890912,52,-49.0968,98,0.1136,0.616900930269197,0.450129404890912,6,4501.29404890912,NA,NA,NA,"Amber","Node22","Data Type is RelAbd OR AbsLBM >= 1.5, then Data Type is AbsAbd AND AbsUBM < 1,then Have RelLBM, then RelLBM >= 1",3,"Amber","Amber","Amber","Red",NA,"Red","Amber","Amber","Amber","Amber",3890.179918,7296.623863,6126.456801,6126.456801,"High","High","High",NA,NA,NA
"Case4","Sockeye","Sockeye_CU_D","Abs_Abd",2008,7414.771655,7414.771655,1.40753412382995,5.47556098242299,50,-53.6776,99.4,0.1111,0.750423906347794,0.547556098242299,6,5475.56098242299,NA,NA,NA,"Amber","Node22","Data Type is RelAbd OR AbsLBM >= 1.5, then Data Type is AbsAbd AND AbsUBM < 1,then Have RelLBM, then RelLBM >= 1",3,"Amber","Amber","Red","Red",NA,"Red","Amber","Amber","Amber","Amber",3890.179918,7296.623863,7414.771655,7414.771655,"High","High","High",NA,NA,NA
"Case4","Sockeye","Sockeye_CU_D","Abs_Abd",2009,10307.46355,10307.46355,1.61588397850373,6.28607940299316,50,-57.6355,99.9667,0.0652,0.861505200352844,0.628607940299316,6,6286.07940299316,NA,NA,NA,"Amber","Node22","Data Type is RelAbd OR AbsLBM >= 1.5, then Data Type is AbsAbd AND AbsUBM < 1,then Have RelLBM, then RelLBM >= 1",3,"Amber","Amber","Red","Red",NA,"Red","Amber","Amber","Amber","Amber",3890.179918,7296.623863,10307.46355,10307.46355,"High","High","High",NA,NA,NA
"Case4","Sockeye","Sockeye_CU_D","Abs_Abd",2010,20754.92196,20754.92196,1.94178764168278,7.55390328869492,53,-50.3174,99.1333,0.1277,1.03526006417839,0.755390328869492,6,7553.90328869492,NA,NA,NA,"Amber","Node22","Data Type is RelAbd OR AbsLBM >= 1.5, then Data Type is AbsAbd AND AbsUBM < 1,then Have RelLBM, then RelLBM >= 1",3,"Green","Amber","Amber","Red",NA,"Red","Green","Amber","Green","Amber",3890.179918,7296.623863,20754.92196,20754.92196,"High","High","High",NA,NA,NA
"Case4","Sockeye","Sockeye_CU_D","Abs_Abd",2011,23816.40336,23816.40336,3.04033585781445,11.8274534980451,63,-27.8064,56.0333,0.25,1.62094877303737,1.18274534980451,6,11827.4534980451,NA,NA,NA,"Green","Node36","Data Type is RelAbd OR AbsLBM >= 1.5, then Data Type is RelAbd OR AbsUBM >= 1, then Have RelLBM, then RelLBM >= 1, then RelUBM >= 1.1",1,"Green","Green","Amber","Red",NA,"Red","Green","Green","Green","Green",3890.179918,7296.623863,23816.40336,23816.40336,"High","High","High",NA,NA,NA
"Case4","Sockeye","Sockeye_CU_D","Abs_Abd",2012,27601.39685,27601.39685,4.10833546698432,15.9821641300696,81,9.58,11.4333,0.4898,2.19035055529072,1.59821641300696,6,15982.1641300696,NA,NA,NA,"Green","Node36","Data Type is RelAbd OR AbsLBM >= 1.5, then Data Type is RelAbd OR AbsUBM >= 1, then Have RelLBM, then RelLBM >= 1, then RelUBM >= 1.1",1,"Green","Green","Green","Green",NA,"Amber","Green","Green","Green","Green",3890.179918,7296.623863,27601.39685,27601.39685,"High","High","High",NA,NA,NA
"Case4","Sockeye","Sockeye_CU_D","Abs_Abd",2013,26468.44552,26468.44552,5.29897694281757,20.6139736888939,104,60.1889,2.7,0.62,2.82513859504586,2.06139736888939,6,20613.9736888939,NA,NA,NA,"Green","Node36","Data Type is RelAbd OR AbsLBM >= 1.5, then Data Type is RelAbd OR AbsUBM >= 1, then Have RelLBM, then RelLBM >= 1, then RelUBM >= 1.1",1,"Green","Green","Green","Green",NA,"Green","Green","Green","Green","Green",3890.179918,7296.623863,26468.44552,26468.44552,"High","High","High",NA,NA,NA
"Case4","Sockeye","Sockeye_CU_D","Abs_Abd",2014,20513.20071,20513.20071,6.0809068973171,23.6558218951707,134,158.6097,0.1333,0.6863,3.24202293270529,2.36558218951707,6,23655.8218951707,NA,NA,NA,"Green","Node36","Data Type is RelAbd OR AbsLBM >= 1.5, then Data Type is RelAbd OR AbsUBM >= 1, then Have RelLBM, then RelLBM >= 1, then RelUBM >= 1.1",1,"Green","Green","Green","Green",NA,"Green","Green","Green","Green","Green",3890.179918,7296.623863,20513.20071,20513.20071,"High","High","High",NA,NA,NA
"Case4","Sockeye","Sockeye_CU_D","Abs_Abd",2015,28535.41234,28535.41234,6.48068576146428,25.2110336041169,168,278.0243,0,0.75,3.45516420710104,2.52110336041169,6,25211.0336041169,NA,NA,NA,"Green","Node36","Data Type is RelAbd OR AbsLBM >= 1.5, then Data Type is RelAbd OR AbsUBM >= 1, then Have RelLBM, then RelLBM >= 1, then RelUBM >= 1.1",1,"Green","Green","Green","Green",NA,"Green","Green","Green","Green","Green",3890.179918,7296.623863,28535.41234,28535.41234,"High","High","High",NA,NA,NA
"Case4","Sockeye","Sockeye_CU_D","Abs_Abd",2016,29730.11643,29730.11643,6.77462172178692,26.354497374142,194,410.3927,0,0.8491,3.61187555628041,2.6354497374142,6,26354.497374142,NA,NA,NA,"Green","Node36","Data Type is RelAbd OR AbsLBM >= 1.5, then Data Type is RelAbd OR AbsUBM >= 1, then Have RelLBM, then RelLBM >= 1, then RelUBM >= 1.1",1,"Green","Green","Green","Green",NA,"Green","Green","Green","Green","Green",3890.179918,7296.623863,29730.11643,29730.11643,"High","High","High",NA,NA,NA
"Case4","Sockeye","Sockeye_CU_D","Abs_Abd",2017,12526.40076,12526.40076,5.78447699784441,22.5026562531472,205,546.194,0,0.8519,3.08398194502729,2.25026562531472,6,22502.6562531472,NA,NA,NA,"Green","Node36","Data Type is RelAbd OR AbsLBM >= 1.5, then Data Type is RelAbd OR AbsUBM >= 1, then Have RelLBM, then RelLBM >= 1, then RelUBM >= 1.1",1,"Green","Green","Green","Green",NA,"Green","Green","Green","Green","Green",3890.179918,7296.623863,12526.40076,12526.40076,"High","High","High",NA,NA,NA
"Case4","Sockeye","Sockeye_CU_D","Abs_Abd",2018,10960.93593,10960.93593,4.84939922852975,18.8650354931911,199,576.5564,0,0.8545,2.58544716671674,1.88650354931911,6,18865.0354931911,NA,NA,NA,"Green","Node36","Data Type is RelAbd OR AbsLBM >= 1.5, then Data Type is RelAbd OR AbsUBM >= 1, then Have RelLBM, then RelLBM >= 1, then RelUBM >= 1.1",1,"Green","Green","Green","Green",NA,"Green","Green","Green","Green","Green",3890.179918,7296.623863,10960.93593,10960.93593,"High","High","High",NA,NA,NA
"Case4","Sockeye","Sockeye_CU_D","Abs_Abd",2019,16261.2501,16261.2501,4.62926496340651,18.008673595745,187,542.4615,0,0.8393,2.46808303865903,1.8008673595745,6,18008.673595745,NA,NA,NA,"Green","Node36","Data Type is RelAbd OR AbsLBM >= 1.5, then Data Type is RelAbd OR AbsUBM >= 1, then Have RelLBM, then RelLBM >= 1, then RelUBM >= 1.1",1,"Green","Green","Green","Green",NA,"Green","Green","Green","Green","Green",3890.179918,7296.623863,16261.2501,16261.2501,"High","High","High",NA,NA,NA
"Case4","Sockeye","Sockeye_CU_D","Abs_Abd",2020,1236.67892,1236.67892,2.47107883034539,9.61294124160456,155,356.6099,0.0667,0.7018,1.31745056646681,0.961294124160456,6,9612.94124160456,NA,NA,NA,"Amber","Node22","Data Type is RelAbd OR AbsLBM >= 1.5, then Data Type is AbsAbd AND AbsUBM < 1,then Have RelLBM, then RelLBM >= 1",3,"Green","Amber","Green","Green",NA,"Green","Green","Amber","Green","Amber",3890.179918,7296.623863,1236.67892,1236.67892,"High","High","High",NA,NA,NA
"Case4","Sockeye","Sockeye_CU_D","Abs_Abd",2021,10801.89218,10801.89218,2.01812120521901,7.85085458463296,122,162.0712,0.7333,0.6379,1.07595714566615,0.785085458463296,6,7850.85458463296,NA,NA,NA,"Amber","Node22","Data Type is RelAbd OR AbsLBM >= 1.5, then Data Type is AbsAbd AND AbsUBM < 1,then Have RelLBM, then RelLBM >= 1",3,"Green","Amber","Green","Green",NA,"Green","Green","Amber","Green","Amber",3890.179918,7296.623863,10801.89218,10801.89218,"High","High","High",NA,NA,NA
"Case4","Sockeye","Sockeye_CU_D","Abs_Abd",2022,18966.31747,18966.31747,2.19269682866157,8.52998516912153,101,53.0621,7.8667,0.5763,1.16903177815917,0.852998516912153,6,8529.98516912153,NA,NA,NA,"Amber","Node22","Data Type is RelAbd OR AbsLBM >= 1.5, then Data Type is AbsAbd AND AbsUBM < 1,then Have RelLBM, then RelLBM >= 1",3,"Green","Amber","Green","Green",NA,"Green","Green","Amber","Green","Amber",3890.179918,7296.623863,18966.31747,18966.31747,"High","High","High",NA,NA,NA
"Case5","Chinook","Chinook_CU_A","Rel_Idx",1995,205,205,NA,NA,83,-26.4955,51.8667,NA,NA,NA,2,357.293984997069,NA,NA,NA,"Amber","Node65"," Data Type is RelIdx OR AbsLBM >= 1.5, then Data Type is RelIdx OR AbsUBM >= 1, then Don't have RelLBM, then LongTrend >= 79, then PercChange >= -70, then LongTrend < 233",3,NA,NA,"Green","Red",NA,NA,NA,NA,NA,NA,337,1332,205,205,"Low","Low","Moderate",NA,NA,NA
"Case5","Chinook","Chinook_CU_A","Rel_Idx",1996,373,373,NA,NA,88,-50.5997,83.3,NA,NA,NA,2,374.204606247232,NA,NA,NA,"Amber","Node65"," Data Type is RelIdx OR AbsLBM >= 1.5, then Data Type is RelIdx OR AbsUBM >= 1, then Don't have RelLBM, then LongTrend >= 79, then PercChange >= -70, then LongTrend < 233",3,NA,NA,"Green","Red",NA,NA,NA,NA,NA,NA,337,1332,373,373,"Low","Low","Moderate",NA,NA,NA
"Case5","Chinook","Chinook_CU_A","Rel_Idx",1997,664,664,NA,NA,83,-21.9478,46.6,NA,NA,NA,2,359.355781061562,NA,NA,NA,"Amber","Node65"," Data Type is RelIdx OR AbsLBM >= 1.5, then Data Type is RelIdx OR AbsUBM >= 1, then Don't have RelLBM, then LongTrend >= 79, then PercChange >= -70, then LongTrend < 233",3,NA,NA,"Green","Amber",NA,NA,NA,NA,NA,NA,337,1332,664,664,"Low","Low","Moderate",NA,NA,NA
"Case5","Chinook","Chinook_CU_A","Rel_Idx",1998,668,668,NA,NA,96,25.32,12.3333,NA,NA,NA,2,424.619885408594,NA,NA,NA,"Amber","Node65"," Data Type is RelIdx OR AbsLBM >= 1.5, then Data Type is RelIdx OR AbsUBM >= 1, then Don't have RelLBM, then LongTrend >= 79, then PercChange >= -70, then LongTrend < 233",3,NA,NA,"Green","Green",NA,NA,NA,NA,NA,NA,337,1332,668,668,"Low","Low","Moderate",NA,NA,NA
"Case5","Chinook","Chinook_CU_A","Rel_Idx",1999,188,188,NA,NA,85,11.2167,18.5667,NA,NA,NA,2,363.84215625426,NA,NA,NA,"Amber","Node65"," Data Type is RelIdx OR AbsLBM >= 1.5, then Data Type is RelIdx OR AbsUBM >= 1, then Don't have RelLBM, then LongTrend >= 79, then PercChange >= -70, then LongTrend < 233",3,NA,NA,"Green","Green",NA,NA,NA,NA,NA,NA,337,1332,188,188,"Low","Low","Moderate",NA,NA,NA
"Case5","Chinook","Chinook_CU_A","Rel_Idx",2000,478,478,NA,NA,100,10.1537,19.2,NA,NA,NA,2,430.970778109684,NA,NA,NA,"Amber","Node65"," Data Type is RelIdx OR AbsLBM >= 1.5, then Data Type is RelIdx OR AbsUBM >= 1, then Don't have RelLBM, then LongTrend >= 79, then PercChange >= -70, then LongTrend < 233",3,NA,NA,"Green","Green",NA,NA,NA,NA,NA,NA,337,1332,478,478,"Low","Low","Moderate",NA,NA,NA
"Case5","Chinook","Chinook_CU_A","Rel_Idx",2001,732,732,NA,NA,113,30.3951,12.1333,NA,NA,NA,2,493.183199511491,NA,NA,NA,"Amber","Node65"," Data Type is RelIdx OR AbsLBM >= 1.5, then Data Type is RelIdx OR AbsUBM >= 1, then Don't have RelLBM, then LongTrend >= 79, then PercChange >= -70, then LongTrend < 233",3,NA,NA,"Green","Green",NA,NA,NA,NA,NA,NA,337,1332,732,732,"Low","Low","Moderate",NA,NA,NA
"Case5","Chinook","Chinook_CU_A","Rel_Idx",2002,540,540,NA,NA,107,0.8781,24.7333,NA,NA,NA,2,473.209451020481,NA,NA,NA,"Amber","Node65"," Data Type is RelIdx OR AbsLBM >= 1.5, then Data Type is RelIdx OR AbsUBM >= 1, then Don't have RelLBM, then LongTrend >= 79, then PercChange >= -70, then LongTrend < 233",3,NA,NA,"Green","Green",NA,NA,NA,NA,NA,NA,337,1332,540,540,"Low","Low","Moderate",NA,NA,NA
"Case5","Chinook","Chinook_CU_A","Rel_Idx",2003,509,509,NA,NA,101,30.5293,7.8333,NA,NA,NA,2,448.168856431157,NA,NA,NA,"Amber","Node65"," Data Type is RelIdx OR AbsLBM >= 1.5, then Data Type is RelIdx OR AbsUBM >= 1, then Don't have RelLBM, then LongTrend >= 79, then PercChange >= -70, then LongTrend < 233",3,NA,NA,"Green","Green",NA,NA,NA,NA,NA,NA,337,1332,509,509,"Low","Low","Moderate",NA,NA,NA
"Case5","Chinook","Chinook_CU_A","Rel_Idx",2004,202,202,NA,NA,105,-2.9639,27,NA,NA,NA,2,454.653331605861,NA,NA,NA,"Amber","Node65"," Data Type is RelIdx OR AbsLBM >= 1.5, then Data Type is RelIdx OR AbsUBM >= 1, then Don't have RelLBM, then LongTrend >= 79, then PercChange >= -70, then LongTrend < 233",3,NA,NA,"Green","Green",NA,NA,NA,NA,NA,NA,337,1332,202,202,"Low","Low","Moderate",NA,NA,NA
"Case5","Chinook","Chinook_CU_A","Rel_Idx",2005,1491,1491,NA,NA,127,63.5061,6.1333,NA,NA,NA,2,570.808362763323,NA,NA,NA,"Amber","Node65"," Data Type is RelIdx OR AbsLBM >= 1.5, then Data Type is RelIdx OR AbsUBM >= 1, then Don't have RelLBM, then LongTrend >= 79, then PercChange >= -70, then LongTrend < 233",3,NA,NA,"Green","Green",NA,NA,NA,NA,NA,NA,337,1332,1491,1491,"Low","Low","Moderate",NA,NA,NA
"Case5","Chinook","Chinook_CU_A","Rel_Idx",2006,1259,1259,NA,NA,137,101.8155,3.5,NA,NA,NA,2,636.199402703136,NA,NA,NA,"Amber","Node65"," Data Type is RelIdx OR AbsLBM >= 1.5, then Data Type is RelIdx OR AbsUBM >= 1, then Don't have RelLBM, then LongTrend >= 79, then PercChange >= -70, then LongTrend < 233",3,NA,NA,"Green","Green",NA,NA,NA,NA,NA,NA,337,1332,1259,1259,"Low","Low","Moderate",NA,NA,NA
"Case5","Chinook","Chinook_CU_A","Rel_Idx",2007,1968,1968,NA,NA,170,305.0913,0.1667,NA,NA,NA,2,823.98541381717,NA,NA,NA,"Amber","Node65"," Data Type is RelIdx OR AbsLBM >= 1.5, then Data Type is RelIdx OR AbsUBM >= 1, then Don't have RelLBM, then LongTrend >= 79, then PercChange >= -70, then LongTrend < 233",3,NA,NA,"Green","Green",NA,NA,NA,NA,NA,NA,337,1332,1968,1968,"Low","Low","Moderate",NA,NA,NA
"Case5","Chinook","Chinook_CU_A","Rel_Idx",2008,234,234,NA,NA,149,138.3945,3.5,NA,NA,NA,2,705.373498643875,NA,NA,NA,"Amber","Node65"," Data Type is RelIdx OR AbsLBM >= 1.5, then Data Type is RelIdx OR AbsUBM >= 1, then Don't have RelLBM, then LongTrend >= 79, then PercChange >= -70, then LongTrend < 233",3,NA,NA,"Green","Green",NA,NA,NA,NA,NA,NA,337,1332,234,234,"Low","Low","Moderate",NA,NA,NA
"Case5","Chinook","Chinook_CU_A","Rel_Idx",2009,631,631,NA,NA,185,138.3405,3.9,NA,NA,NA,2,885.838878061484,NA,NA,NA,"Amber","Node65"," Data Type is RelIdx OR AbsLBM >= 1.5, then Data Type is RelIdx OR AbsUBM >= 1, then Don't have RelLBM, then LongTrend >= 79, then PercChange >= -70, then LongTrend < 233",3,NA,NA,"Green","Green",NA,NA,NA,NA,NA,NA,337,1332,631,631,"Low","Low","Moderate",NA,NA,NA
"Case5","Chinook","Chinook_CU_A","Rel_Idx",2010,1520,1520,NA,NA,180,130.1182,3.6667,NA,NA,NA,2,889.258296608343,NA,NA,NA,"Amber","Node65"," Data Type is RelIdx OR AbsLBM >= 1.5, then Data Type is RelIdx OR AbsUBM >= 1, then Don't have RelLBM, then LongTrend >= 79, then PercChange >= -70, then LongTrend < 233",3,NA,NA,"Green","Green",NA,NA,NA,NA,NA,NA,337,1332,1520,1520,"Low","Low","Moderate",NA,NA,NA
"Case5","Chinook","Chinook_CU_A","Rel_Idx",2011,941,941,NA,NA,167,122.2178,4.2667,NA,NA,NA,2,838.958936418542,NA,NA,NA,"Amber","Node65"," Data Type is RelIdx OR AbsLBM >= 1.5, then Data Type is RelIdx OR AbsUBM >= 1, then Don't have RelLBM, then LongTrend >= 79, then PercChange >= -70, then LongTrend < 233",3,NA,NA,"Green","Green",NA,NA,NA,NA,NA,NA,337,1332,941,941,"Low","Low","Moderate",NA,NA,NA
"Case5","Chinook","Chinook_CU_A","Rel_Idx",2012,624,624,NA,NA,132,115.0868,4.2,NA,NA,NA,2,666.76470658472,NA,NA,NA,"Amber","Node65"," Data Type is RelIdx OR AbsLBM >= 1.5, then Data Type is RelIdx OR AbsUBM >= 1, then Don't have RelLBM, then LongTrend >= 79, then PercChange >= -70, then LongTrend < 233",3,NA,NA,"Green","Green",NA,NA,NA,NA,NA,NA,337,1332,624,624,"Low","Low","Moderate",NA,NA,NA
"Case5","Chinook","Chinook_CU_A","Rel_Idx",2013,224,224,NA,NA,133,59.6309,12.8667,NA,NA,NA,2,660.96587172361,NA,NA,NA,"Amber","Node65"," Data Type is RelIdx OR AbsLBM >= 1.5, then Data Type is RelIdx OR AbsUBM >= 1, then Don't have RelLBM, then LongTrend >= 79, then PercChange >= -70, then LongTrend < 233",3,NA,NA,"Green","Green",NA,NA,NA,NA,NA,NA,337,1332,224,224,"Low","Low","Moderate",NA,NA,NA
"Case5","Chinook","Chinook_CU_A","Rel_Idx",2014,383,383,NA,NA,122,-12.6023,40.2333,NA,NA,NA,2,598.153872405279,NA,NA,NA,"Amber","Node65"," Data Type is RelIdx OR AbsLBM >= 1.5, then Data Type is RelIdx OR AbsUBM >= 1, then Don't have RelLBM, then LongTrend >= 79, then PercChange >= -70, then LongTrend < 233",3,NA,NA,"Green","Green",NA,NA,NA,NA,NA,NA,337,1332,383,383,"Low","Low","Moderate",NA,NA,NA
"Case5","Chinook","Chinook_CU_A","Rel_Idx",2015,508,508,NA,NA,98,-27.847,52.4667,NA,NA,NA,2,480.415425463115,NA,NA,NA,"Amber","Node65"," Data Type is RelIdx OR AbsLBM >= 1.5, then Data Type is RelIdx OR AbsUBM >= 1, then Don't have RelLBM, then LongTrend >= 79, then PercChange >= -70, then LongTrend < 233",3,NA,NA,"Green","Red",NA,NA,NA,NA,NA,NA,337,1332,508,508,"Low","Low","Moderate",NA,NA,NA
"Case5","Chinook","Chinook_CU_A","Rel_Idx",2016,238,238,NA,NA,75,-43.4922,67.6,NA,NA,NA,2,364.934069635466,NA,NA,NA,"Red","Node17","Data Type is RelAbd OR AbsLBM >= 1.5, then Data Type is RelAbd OR AbsUBM >= 1, then Don't have RelLBM, then LongTrend < 79",5,NA,NA,"Amber","Red",NA,NA,NA,NA,NA,NA,337,1332,238,238,"Moderate","Moderate","High",NA,NA,NA
"Case5","Chinook","Chinook_CU_A","Rel_Idx",2017,320,320,NA,NA,67,-56.3445,79.9333,NA,NA,NA,2,319.30630045628,NA,NA,NA,"Red","Node17","Data Type is RelAbd OR AbsLBM >= 1.5, then Data Type is RelAbd OR AbsUBM >= 1, then Don't have RelLBM, then LongTrend < 79",5,NA,NA,"Amber","Red",NA,NA,NA,NA,NA,NA,337,1332,320,320,"Moderate","Moderate","High",NA,NA,NA
"Case5","Chinook","Chinook_CU_A","Rel_Idx",2018,144,144,NA,NA,63,-74.1199,93.5333,NA,NA,NA,2,292.301054925136,NA,NA,NA,"Red","Node17","Data Type is RelAbd OR AbsLBM >= 1.5, then Data Type is RelAbd OR AbsUBM >= 1, then Don't have RelLBM, then LongTrend < 79",5,NA,NA,"Amber","Red",NA,NA,NA,NA,NA,NA,337,1332,144,144,"Moderate","Moderate","High",NA,NA,NA
"Case5","Chinook","Chinook_CU_A","Rel_Idx",2019,178,178,NA,NA,55,-87.4247,99.8667,NA,NA,NA,2,250.769450564331,NA,NA,NA,"Red","Node17","Data Type is RelAbd OR AbsLBM >= 1.5, then Data Type is RelAbd OR AbsUBM >= 1, then Don't have RelLBM, then LongTrend < 79",5,NA,NA,"Amber","Red",NA,NA,NA,NA,NA,NA,337,1332,178,178,"Moderate","Moderate","High",NA,NA,NA
"Case5","Chinook","Chinook_CU_A","Rel_Idx",2020,191,191,NA,NA,46,-86.1292,99.9667,NA,NA,NA,2,206.209447866003,NA,NA,NA,"Red","Node17","Data Type is RelAbd OR AbsLBM >= 1.5, then Data Type is RelAbd OR AbsUBM >= 1, then Don't have RelLBM, then LongTrend < 79",5,NA,NA,"Red","Red",NA,NA,NA,NA,NA,NA,337,1332,191,191,"Moderate","Moderate","High",NA,NA,NA
"Case5","Chinook","Chinook_CU_A","Rel_Idx",2021,134,134,NA,NA,42,-86.3607,99.8333,NA,NA,NA,2,183.829043578584,NA,NA,NA,"Red","Node17","Data Type is RelAbd OR AbsLBM >= 1.5, then Data Type is RelAbd OR AbsUBM >= 1, then Don't have RelLBM, then LongTrend < 79",5,NA,NA,"Red","Red",NA,NA,NA,NA,NA,NA,337,1332,134,134,"Moderate","Moderate","High",NA,NA,NA
"Case5","Chinook","Chinook_CU_A","Rel_Idx",2022,275,275,NA,NA,41,-76.8466,98.9,NA,NA,NA,2,178.340783698966,NA,NA,NA,"Red","Node17","Data Type is RelAbd OR AbsLBM >= 1.5, then Data Type is RelAbd OR AbsUBM >= 1, then Don't have RelLBM, then LongTrend < 79",5,NA,NA,"Red","Red",NA,NA,NA,NA,NA,NA,337,1332,275,275,"Moderate","Moderate","High",NA,NA,NA
"Case6","Chinook","Chinook_CU_B","Rel_Idx",1995,NA,NA,NA,NA,NA,NA,NA,NA,NA,NA,0,NA,NA,NA,NA,"None","Node16.NA","No LongTrend, so no SynStatus",NA,NA,NA,NA,NA,NA,NA,NA,NA,NA,NA,1756,7481,NA,NA,NA,NA,NA,NA,NA,NA
"Case6","Chinook","Chinook_CU_B","Rel_Idx",1996,NA,NA,NA,NA,NA,NA,NA,NA,NA,NA,0,NA,NA,NA,NA,"None","Node16.NA","No LongTrend, so no SynStatus",NA,NA,NA,NA,NA,NA,NA,NA,NA,NA,NA,1756,7481,NA,NA,NA,NA,NA,NA,NA,NA
"Case6","Chinook","Chinook_CU_B","Rel_Idx",1997,9800.90393230699,9800.90393230699,NA,NA,NA,NA,NA,NA,NA,NA,0,NA,NA,NA,NA,"None","Node16.NA","No LongTrend, so no SynStatus",NA,NA,NA,NA,NA,NA,NA,NA,NA,NA,NA,1756,7481,9800.90393230699,9800.90393230699,NA,NA,NA,NA,NA,NA
"Case6","Chinook","Chinook_CU_B","Rel_Idx",1998,8153.0480887528,8153.0480887528,NA,NA,NA,NA,NA,NA,NA,NA,0,NA,NA,NA,NA,"None","Node16.NA","No LongTrend, so no SynStatus",NA,NA,NA,NA,NA,NA,NA,NA,NA,NA,NA,1756,7481,8153.0480887528,8153.0480887528,NA,NA,NA,NA,NA,NA
"Case6","Chinook","Chinook_CU_B","Rel_Idx",1999,5425.39090914127,5425.39090914127,NA,NA,NA,NA,NA,NA,NA,NA,0,NA,NA,NA,NA,"None","Node16.NA","No LongTrend, so no SynStatus",NA,NA,NA,NA,NA,NA,NA,NA,NA,NA,NA,1756,7481,5425.39090914127,5425.39090914127,NA,NA,NA,NA,NA,NA
"Case6","Chinook","Chinook_CU_B","Rel_Idx",2000,5936,5936,NA,NA,NA,NA,NA,NA,NA,NA,0,NA,NA,NA,NA,"None","Node16.NA","No LongTrend, so no SynStatus",NA,NA,NA,NA,NA,NA,NA,NA,NA,NA,NA,1756,7481,5936,5936,NA,NA,NA,NA,NA,NA
"Case6","Chinook","Chinook_CU_B","Rel_Idx",2001,4476,4476,NA,NA,NA,NA,NA,NA,NA,NA,0,6490.5309970682,NA,NA,NA,"None","Node16.NA","No LongTrend, so no SynStatus",NA,NA,NA,NA,NA,NA,NA,NA,NA,NA,NA,1756,7481,4476,4476,NA,NA,NA,NA,NA,NA
"Case6","Chinook","Chinook_CU_B","Rel_Idx",2002,6830,6830,NA,NA,NA,NA,NA,NA,NA,NA,0,6038.25073103279,NA,NA,NA,"None","Node16.NA","No LongTrend, so no SynStatus",NA,NA,NA,NA,NA,NA,NA,NA,NA,NA,NA,1756,7481,6830,6830,NA,NA,NA,NA,NA,NA
"Case6","Chinook","Chinook_CU_B","Rel_Idx",2003,7605,7605,NA,NA,NA,NA,NA,NA,NA,NA,0,5954.79733739514,NA,NA,NA,"None","Node16.NA","No LongTrend, so no SynStatus",NA,NA,NA,NA,NA,NA,NA,NA,NA,NA,NA,1756,7481,7605,7605,NA,NA,NA,NA,NA,NA
"Case6","Chinook","Chinook_CU_B","Rel_Idx",2004,6180,6180,NA,NA,NA,NA,NA,NA,NA,NA,0,6111.93143322704,NA,NA,NA,"None","Node16.NA","No LongTrend, so no SynStatus",NA,NA,NA,NA,NA,NA,NA,NA,NA,NA,NA,1756,7481,6180,6180,NA,NA,NA,NA,NA,NA
"Case6","Chinook","Chinook_CU_B","Rel_Idx",2005,4182,4182,NA,NA,NA,NA,NA,NA,NA,NA,0,5698.44683398544,NA,NA,NA,"None","Node16.NA","No LongTrend, so no SynStatus",NA,NA,NA,NA,NA,NA,NA,NA,NA,NA,NA,1756,7481,4182,4182,NA,NA,NA,NA,NA,NA
"Case6","Chinook","Chinook_CU_B","Rel_Idx",2006,4397,4397,NA,NA,NA,NA,NA,NA,NA,NA,0,5678.18813991623,NA,NA,NA,"None","Node16.NA","No LongTrend, so no SynStatus",NA,NA,NA,NA,NA,NA,NA,NA,NA,NA,NA,1756,7481,4397,4397,NA,NA,NA,NA,NA,NA
"Case6","Chinook","Chinook_CU_B","Rel_Idx",2007,2112,2112,NA,NA,NA,NA,NA,NA,NA,NA,0,4490.18691851293,NA,NA,NA,"None","Node16.NA","No LongTrend, so no SynStatus",NA,NA,NA,NA,NA,NA,NA,NA,NA,NA,NA,1756,7481,2112,2112,NA,NA,NA,NA,NA,NA
"Case6","Chinook","Chinook_CU_B","Rel_Idx",2008,3909,3909,NA,NA,NA,NA,NA,NA,NA,NA,0,3930.58969037266,NA,NA,NA,"None","Node16.NA","No LongTrend, so no SynStatus",NA,NA,NA,NA,NA,NA,NA,NA,NA,NA,NA,1756,7481,3909,3909,NA,NA,NA,NA,NA,NA
"Case6","Chinook","Chinook_CU_B","Rel_Idx",2009,6442,6442,NA,NA,NA,NA,NA,NA,NA,NA,0,3963.36582058961,NA,NA,NA,"None","Node16.NA","No LongTrend, so no SynStatus",NA,NA,NA,NA,NA,NA,NA,NA,NA,NA,NA,1756,7481,6442,6442,NA,NA,NA,NA,NA,NA
"Case6","Chinook","Chinook_CU_B","Rel_Idx",2010,1402,1402,NA,NA,NA,NA,NA,NA,NA,NA,0,3185.20183172569,NA,NA,NA,"None","Node16.NA","No LongTrend, so no SynStatus",NA,NA,NA,NA,NA,NA,NA,NA,NA,NA,NA,1756,7481,1402,1402,NA,NA,NA,NA,NA,NA
"Case6","Chinook","Chinook_CU_B","Rel_Idx",2011,1412,1412,NA,NA,56,-76.1901,99.7667,NA,NA,NA,2,2537.88888107011,NA,NA,NA,"Red","Node17","Data Type is RelAbd OR AbsLBM >= 1.5, then Data Type is RelAbd OR AbsUBM >= 1, then Don't have RelLBM, then LongTrend < 79",5,NA,NA,"Amber","Red",NA,NA,NA,NA,NA,NA,1756,7481,1412,1412,"Moderate","Moderate","High",NA,NA,NA
"Case6","Chinook","Chinook_CU_B","Rel_Idx",2012,2414,2414,NA,NA,60,-73.6906,99.5,NA,NA,NA,2,2606.64130842405,"Red","R","R","Red","Node17","Data Type is RelAbd OR AbsLBM >= 1.5, then Data Type is RelAbd OR AbsUBM >= 1, then Don't have RelLBM, then LongTrend < 79",5,NA,NA,"Amber","Red",NA,NA,NA,NA,NA,NA,1756,7481,2414,2414,"Moderate","Moderate","High","Red","Red","Red"
"Case6","Chinook","Chinook_CU_B","Rel_Idx",2013,2479,2479,NA,NA,56,-71.6904,99.4,NA,NA,NA,2,2379.70676203657,NA,NA,NA,"Red","Node17","Data Type is RelAbd OR AbsLBM >= 1.5, then Data Type is RelAbd OR AbsUBM >= 1, then Don't have RelLBM, then LongTrend < 79",5,NA,NA,"Amber","Red",NA,NA,NA,NA,NA,NA,1756,7481,2479,2479,"Moderate","Moderate","High",NA,NA,NA
"Case6","Chinook","Chinook_CU_B","Rel_Idx",2014,3220,3220,NA,NA,50,-68.715,98.7333,NA,NA,NA,2,2071.52641191417,NA,NA,NA,"Red","Node17","Data Type is RelAbd OR AbsLBM >= 1.5, then Data Type is RelAbd OR AbsUBM >= 1, then Don't have RelLBM, then LongTrend < 79",5,NA,NA,"Red","Red",NA,NA,NA,NA,NA,NA,1756,7481,3220,3220,"Moderate","Moderate","High",NA,NA,NA
"Case6","Chinook","Chinook_CU_B","Rel_Idx",2015,5587,5587,NA,NA,65,-56.5741,88.8333,NA,NA,NA,2,2731.34529252979,NA,NA,NA,"Red","Node17","Data Type is RelAbd OR AbsLBM >= 1.5, then Data Type is RelAbd OR AbsUBM >= 1, then Don't have RelLBM, then LongTrend < 79",5,NA,NA,"Amber","Red",NA,NA,NA,NA,NA,NA,1756,7481,5587,5587,"Moderate","Moderate","High",NA,NA,NA
"Case6","Chinook","Chinook_CU_B","Rel_Idx",2016,804,804,NA,NA,63,-71.9493,97.3667,NA,NA,NA,2,2440.39921637829,NA,NA,NA,"Red","Node17","Data Type is RelAbd OR AbsLBM >= 1.5, then Data Type is RelAbd OR AbsUBM >= 1, then Don't have RelLBM, then LongTrend < 79",5,NA,NA,"Amber","Red",NA,NA,NA,NA,NA,NA,1756,7481,804,804,"Moderate","Moderate","High",NA,NA,NA
"Case6","Chinook","Chinook_CU_B","Rel_Idx",2017,1453,1453,NA,NA,59,-72.542,97.9667,NA,NA,NA,2,2204.78652813345,NA,NA,NA,"Red","Node17","Data Type is RelAbd OR AbsLBM >= 1.5, then Data Type is RelAbd OR AbsUBM >= 1, then Don't have RelLBM, then LongTrend < 79",5,NA,NA,"Amber","Red",NA,NA,NA,NA,NA,NA,1756,7481,1453,1453,"Moderate","Moderate","High",NA,NA,NA
"Case6","Chinook","Chinook_CU_B","Rel_Idx",2018,674,674,NA,NA,50,-75.992,98.7333,NA,NA,NA,2,1699.1949963463,NA,NA,NA,"Red","Node17","Data Type is RelAbd OR AbsLBM >= 1.5, then Data Type is RelAbd OR AbsUBM >= 1, then Don't have RelLBM, then LongTrend < 79",5,NA,NA,"Red","Red",NA,NA,NA,NA,NA,NA,1756,7481,674,674,"Moderate","Moderate","High",NA,NA,NA
"Case6","Chinook","Chinook_CU_B","Rel_Idx",2019,1015,1015,NA,NA,41,-74.7293,97.8333,NA,NA,NA,2,1348.85496427711,NA,NA,NA,"Red","Node17","Data Type is RelAbd OR AbsLBM >= 1.5, then Data Type is RelAbd OR AbsUBM >= 1, then Don't have RelLBM, then LongTrend < 79",5,NA,NA,"Red","Red",NA,NA,NA,NA,NA,NA,1756,7481,1015,1015,"Moderate","Moderate","High",NA,NA,NA
"Case6","Chinook","Chinook_CU_B","Rel_Idx",2020,4002,4002,NA,NA,38,-60.4037,86.4,NA,NA,NA,2,1261.78377098357,NA,NA,NA,"Red","Node17","Data Type is RelAbd OR AbsLBM >= 1.5, then Data Type is RelAbd OR AbsUBM >= 1, then Don't have RelLBM, then LongTrend < 79",5,NA,NA,"Red","Red",NA,NA,NA,NA,NA,NA,1756,7481,4002,4002,"Moderate","Moderate","High",NA,NA,NA
"Case6","Chinook","Chinook_CU_B","Rel_Idx",2021,3961,3961,NA,NA,52,-36.8211,60.8,NA,NA,NA,2,1735.78006364377,NA,NA,NA,"Red","Node17","Data Type is RelAbd OR AbsLBM >= 1.5, then Data Type is RelAbd OR AbsUBM >= 1, then Don't have RelLBM, then LongTrend < 79",5,NA,NA,"Amber","Red",NA,NA,NA,NA,NA,NA,1756,7481,3961,3961,"Moderate","Moderate","High",NA,NA,NA
"Case6","Chinook","Chinook_CU_B","Rel_Idx",2022,6076,6076,NA,NA,68,-10.0339,38.5333,NA,NA,NA,2,2310.81472415666,NA,NA,NA,"Red","Node17","Data Type is RelAbd OR AbsLBM >= 1.5, then Data Type is RelAbd OR AbsUBM >= 1, then Don't have RelLBM, then LongTrend < 79",5,NA,NA,"Amber","Green",NA,NA,NA,NA,NA,NA,1756,7481,6076,6076,"Moderate","Moderate","High",NA,NA,NA
