"CU_ID","Species","Stock","Label","Year","Metric","Value","LBM","UBM","Status","Data_Type"
"Case1","Chinook","CU1_Chinook","SpnForAbd_Wild",1995,"RelAbd",21855.943515063,13651,26833,"Amber","Abs_Abd"
"Case1","Chinook","CU1_Chinook","SpnForAbd_Wild",1996,"RelAbd",24698.0799203392,13651,26833,"Amber","Abs_Abd"
"Case1","Chinook","CU1_Chinook","SpnForAbd_Wild",1997,"RelAbd",25988.9048544477,13651,26833,"Amber","Abs_Abd"
"Case1","Chinook","CU1_Chinook","SpnForAbd_Wild",1998,"RelAbd",25618.296945124,13651,26833,"Amber","Abs_Abd"
"Case1","Chinook","CU1_Chinook","SpnForAbd_Wild",1999,"RelAbd",33401.9670010064,13651,26833,"Green","Abs_Abd"
"Case1","Chinook","CU1_Chinook","SpnForAbd_Wild",2000,"RelAbd",30824.7082850307,13651,26833,"Green","Abs_Abd"
"Case1","Chinook","CU1_Chinook","SpnForAbd_Wild",2001,"RelAbd",34596.2210734159,13651,26833,"Green","Abs_Abd"
"Case1","Chinook","CU1_Chinook","SpnForAbd_Wild",2002,"RelAbd",38406.6478317237,13651,26833,"Green","Abs_Abd"
"Case1","Chinook","CU1_Chinook","SpnForAbd_Wild",2003,"RelAbd",36107.5911023302,13651,26833,"Green","Abs_Abd"
"Case1","Chinook","CU1_Chinook","SpnForAbd_Wild",2004,"RelAbd",32325.4336466518,13651,26833,"Green","Abs_Abd"
"Case1","Chinook","CU1_Chinook","SpnForAbd_Wild",2005,"RelAbd",27864.9719285239,13651,26833,"Green","Abs_Abd"
"Case1","Chinook","CU1_Chinook","SpnForAbd_Wild",2006,"RelAbd",28966.0288213008,13651,26833,"Green","Abs_Abd"
"Case1","Chinook","CU1_Chinook","SpnForAbd_Wild",2007,"RelAbd",24249.3355064613,13651,26833,"Amber","Abs_Abd"
"Case1","Chinook","CU1_Chinook","SpnForAbd_Wild",2008,"RelAbd",23417.6737848105,13651,26833,"Amber","Abs_Abd"
"Case1","Chinook","CU1_Chinook","SpnForAbd_Wild",2009,"RelAbd",25477.5491782922,13651,26833,"Amber","Abs_Abd"
"Case1","Chinook","CU1_Chinook","SpnForAbd_Wild",2010,"RelAbd",26718.2553953535,13651,26833,"Amber","Abs_Abd"
"Case1","Chinook","CU1_Chinook","SpnForAbd_Wild",2011,"RelAbd",27459.868360194,13651,26833,"Green","Abs_Abd"
"Case1","Chinook","CU1_Chinook","SpnForAbd_Wild",2012,"RelAbd",19313.9845265335,13651,26833,"Amber","Abs_Abd"
"Case1","Chinook","CU1_Chinook","SpnForAbd_Wild",2013,"RelAbd",19163.7215647858,13651,26833,"Amber","Abs_Abd"
"Case1","Chinook","CU1_Chinook","SpnForAbd_Wild",2014,"RelAbd",16740.9250019487,13651,26833,"Amber","Abs_Abd"
"Case1","Chinook","CU1_Chinook","SpnForAbd_Wild",2015,"RelAbd",20367.0910091003,13651,26833,"Amber","Abs_Abd"
"Case1","Chinook","CU1_Chinook","SpnForAbd_Wild",2016,"RelAbd",23621.163216145,13651,26833,"Amber","Abs_Abd"
"Case1","Chinook","CU1_Chinook","SpnForAbd_Wild",2017,"RelAbd",20264.2164546722,13651,26833,"Amber","Abs_Abd"
"Case1","Chinook","CU1_Chinook","SpnForAbd_Wild",2018,"RelAbd",15820.7755839088,13651,26833,"Amber","Abs_Abd"
"Case1","Chinook","CU1_Chinook","SpnForAbd_Wild",2019,"RelAbd",14249.3082286595,13651,26833,"Amber","Abs_Abd"
"Case1","Chinook","CU1_Chinook","SpnForAbd_Wild",2020,"RelAbd",19705.5071092156,13651,26833,"Amber","Abs_Abd"
"Case1","Chinook","CU1_Chinook","SpnForAbd_Wild",2021,"RelAbd",24385.1520068173,13651,26833,"Amber","Abs_Abd"
"Case1","Chinook","CU1_Chinook","SpnForAbd_Wild",2022,"RelAbd",29285.777771397,13651,26833,"Green","Abs_Abd"
"Case1","Chinook","CU1_Chinook","SpnForAbd_Wild",2023,"RelAbd",38625.899371848,13651,26833,"Green","Abs_Abd"
"Case1","Chinook","CU1_Chinook","SpnForAbd_Wild",1995,"AbsAbd",21855.943515063,1000,10000,"Green","Abs_Abd"
"Case1","Chinook","CU1_Chinook","SpnForAbd_Wild",1996,"AbsAbd",24698.0799203392,1000,10000,"Green","Abs_Abd"
"Case1","Chinook","CU1_Chinook","SpnForAbd_Wild",1997,"AbsAbd",25988.9048544477,1000,10000,"Green","Abs_Abd"
"Case1","Chinook","CU1_Chinook","SpnForAbd_Wild",1998,"AbsAbd",25618.296945124,1000,10000,"Green","Abs_Abd"
"Case1","Chinook","CU1_Chinook","SpnForAbd_Wild",1999,"AbsAbd",33401.9670010064,1000,10000,"Green","Abs_Abd"
"Case1","Chinook","CU1_Chinook","SpnForAbd_Wild",2000,"AbsAbd",30824.7082850307,1000,10000,"Green","Abs_Abd"
"Case1","Chinook","CU1_Chinook","SpnForAbd_Wild",2001,"AbsAbd",34596.2210734159,1000,10000,"Green","Abs_Abd"
"Case1","Chinook","CU1_Chinook","SpnForAbd_Wild",2002,"AbsAbd",38406.6478317237,1000,10000,"Green","Abs_Abd"
"Case1","Chinook","CU1_Chinook","SpnForAbd_Wild",2003,"AbsAbd",36107.5911023302,1000,10000,"Green","Abs_Abd"
"Case1","Chinook","CU1_Chinook","SpnForAbd_Wild",2004,"AbsAbd",32325.4336466518,1000,10000,"Green","Abs_Abd"
"Case1","Chinook","CU1_Chinook","SpnForAbd_Wild",2005,"AbsAbd",27864.9719285239,1000,10000,"Green","Abs_Abd"
"Case1","Chinook","CU1_Chinook","SpnForAbd_Wild",2006,"AbsAbd",28966.0288213008,1000,10000,"Green","Abs_Abd"
"Case1","Chinook","CU1_Chinook","SpnForAbd_Wild",2007,"AbsAbd",24249.3355064613,1000,10000,"Green","Abs_Abd"
"Case1","Chinook","CU1_Chinook","SpnForAbd_Wild",2008,"AbsAbd",23417.6737848105,1000,10000,"Green","Abs_Abd"
"Case1","Chinook","CU1_Chinook","SpnForAbd_Wild",2009,"AbsAbd",25477.5491782922,1000,10000,"Green","Abs_Abd"
"Case1","Chinook","CU1_Chinook","SpnForAbd_Wild",2010,"AbsAbd",26718.2553953535,1000,10000,"Green","Abs_Abd"
"Case1","Chinook","CU1_Chinook","SpnForAbd_Wild",2011,"AbsAbd",27459.868360194,1000,10000,"Green","Abs_Abd"
"Case1","Chinook","CU1_Chinook","SpnForAbd_Wild",2012,"AbsAbd",19313.9845265335,1000,10000,"Green","Abs_Abd"
"Case1","Chinook","CU1_Chinook","SpnForAbd_Wild",2013,"AbsAbd",19163.7215647858,1000,10000,"Green","Abs_Abd"
"Case1","Chinook","CU1_Chinook","SpnForAbd_Wild",2014,"AbsAbd",16740.9250019487,1000,10000,"Green","Abs_Abd"
"Case1","Chinook","CU1_Chinook","SpnForAbd_Wild",2015,"AbsAbd",20367.0910091003,1000,10000,"Green","Abs_Abd"
"Case1","Chinook","CU1_Chinook","SpnForAbd_Wild",2016,"AbsAbd",23621.163216145,1000,10000,"Green","Abs_Abd"
"Case1","Chinook","CU1_Chinook","SpnForAbd_Wild",2017,"AbsAbd",20264.2164546722,1000,10000,"Green","Abs_Abd"
"Case1","Chinook","CU1_Chinook","SpnForAbd_Wild",2018,"AbsAbd",15820.7755839088,1000,10000,"Green","Abs_Abd"
"Case1","Chinook","CU1_Chinook","SpnForAbd_Wild",2019,"AbsAbd",14249.3082286595,1000,10000,"Green","Abs_Abd"
"Case1","Chinook","CU1_Chinook","SpnForAbd_Wild",2020,"AbsAbd",19705.5071092156,1000,10000,"Green","Abs_Abd"
"Case1","Chinook","CU1_Chinook","SpnForAbd_Wild",2021,"AbsAbd",24385.1520068173,1000,10000,"Green","Abs_Abd"
"Case1","Chinook","CU1_Chinook","SpnForAbd_Wild",2022,"AbsAbd",29285.777771397,1000,10000,"Green","Abs_Abd"
"Case1","Chinook","CU1_Chinook","SpnForAbd_Wild",2023,"AbsAbd",38625.899371848,1000,10000,"Green","Abs_Abd"
"Case2","Sockeye","CU2_Sockeye","SpnForAbd_Wild",1995,"RelAbd",2732.89930395003,4710,16946,"Red","Abs_Abd"
"Case2","Sockeye","CU2_Sockeye","SpnForAbd_Wild",1996,"RelAbd",4090.99231130386,4710,16946,"Red","Abs_Abd"
"Case2","Sockeye","CU2_Sockeye","SpnForAbd_Wild",1997,"RelAbd",4068.58923669669,4710,16946,"Red","Abs_Abd"
"Case2","Sockeye","CU2_Sockeye","SpnForAbd_Wild",1998,"RelAbd",5809.67261094819,4710,16946,"Amber","Abs_Abd"
"Case2","Sockeye","CU2_Sockeye","SpnForAbd_Wild",1999,"RelAbd",9410.70598120225,4710,16946,"Amber","Abs_Abd"
"Case2","Sockeye","CU2_Sockeye","SpnForAbd_Wild",2000,"RelAbd",10277.4182810479,4710,16946,"Amber","Abs_Abd"
"Case2","Sockeye","CU2_Sockeye","SpnForAbd_Wild",2001,"RelAbd",16199.4396553877,4710,16946,"Amber","Abs_Abd"
"Case2","Sockeye","CU2_Sockeye","SpnForAbd_Wild",2002,"RelAbd",20738.1968172346,4710,16946,"Green","Abs_Abd"
"Case2","Sockeye","CU2_Sockeye","SpnForAbd_Wild",2003,"RelAbd",22156.4500295836,4710,16946,"Green","Abs_Abd"
"Case2","Sockeye","CU2_Sockeye","SpnForAbd_Wild",2004,"RelAbd",12377.052162044,4710,16946,"Amber","Abs_Abd"
"Case2","Sockeye","CU2_Sockeye","SpnForAbd_Wild",2005,"RelAbd",12030.8465494797,4710,16946,"Amber","Abs_Abd"
"Case2","Sockeye","CU2_Sockeye","SpnForAbd_Wild",2006,"RelAbd",8997.78487215124,4710,16946,"Amber","Abs_Abd"
"Case2","Sockeye","CU2_Sockeye","SpnForAbd_Wild",2007,"RelAbd",9974.97998334276,4710,16946,"Amber","Abs_Abd"
"Case2","Sockeye","CU2_Sockeye","SpnForAbd_Wild",2008,"RelAbd",10519.516650655,4710,16946,"Amber","Abs_Abd"
"Case2","Sockeye","CU2_Sockeye","SpnForAbd_Wild",2009,"RelAbd",8368.90135052922,4710,16946,"Amber","Abs_Abd"
"Case2","Sockeye","CU2_Sockeye","SpnForAbd_Wild",2010,"RelAbd",7976.81565545127,4710,16946,"Amber","Abs_Abd"
"Case2","Sockeye","CU2_Sockeye","SpnForAbd_Wild",2011,"RelAbd",6949.69732998125,4710,16946,"Amber","Abs_Abd"
"Case2","Sockeye","CU2_Sockeye","SpnForAbd_Wild",2012,"RelAbd",5725.01577857438,4710,16946,"Amber","Abs_Abd"
"Case2","Sockeye","CU2_Sockeye","SpnForAbd_Wild",2013,"RelAbd",6304.95230227194,4710,16946,"Amber","Abs_Abd"
"Case2","Sockeye","CU2_Sockeye","SpnForAbd_Wild",2014,"RelAbd",8652.78711287497,4710,16946,"Amber","Abs_Abd"
"Case2","Sockeye","CU2_Sockeye","SpnForAbd_Wild",2015,"RelAbd",10189.7423717098,4710,16946,"Amber","Abs_Abd"
"Case2","Sockeye","CU2_Sockeye","SpnForAbd_Wild",2016,"RelAbd",12287.288365144,4710,16946,"Amber","Abs_Abd"
"Case2","Sockeye","CU2_Sockeye","SpnForAbd_Wild",2017,"RelAbd",8675.54021160955,4710,16946,"Amber","Abs_Abd"
"Case2","Sockeye","CU2_Sockeye","SpnForAbd_Wild",2018,"RelAbd",5833.91372058278,4710,16946,"Amber","Abs_Abd"
"Case2","Sockeye","CU2_Sockeye","SpnForAbd_Wild",2019,"RelAbd",2593.06606726277,4710,16946,"Red","Abs_Abd"
"Case2","Sockeye","CU2_Sockeye","SpnForAbd_Wild",2020,"RelAbd",2403.43828898863,4710,16946,"Red","Abs_Abd"
"Case2","Sockeye","CU2_Sockeye","SpnForAbd_Wild",2021,"RelAbd",2294.67489708002,4710,16946,"Red","Abs_Abd"
"Case2","Sockeye","CU2_Sockeye","SpnForAbd_Wild",2022,"RelAbd",2334.20412554041,4710,16946,"Red","Abs_Abd"
"Case2","Sockeye","CU2_Sockeye","SpnForAbd_Wild",1995,"AbsAbd",2732.89930395003,1000,10000,"Amber","Abs_Abd"
"Case2","Sockeye","CU2_Sockeye","SpnForAbd_Wild",1996,"AbsAbd",4090.99231130386,1000,10000,"Amber","Abs_Abd"
"Case2","Sockeye","CU2_Sockeye","SpnForAbd_Wild",1997,"AbsAbd",4068.58923669669,1000,10000,"Amber","Abs_Abd"
"Case2","Sockeye","CU2_Sockeye","SpnForAbd_Wild",1998,"AbsAbd",5809.67261094819,1000,10000,"Amber","Abs_Abd"
"Case2","Sockeye","CU2_Sockeye","SpnForAbd_Wild",1999,"AbsAbd",9410.70598120225,1000,10000,"Amber","Abs_Abd"
"Case2","Sockeye","CU2_Sockeye","SpnForAbd_Wild",2000,"AbsAbd",10277.4182810479,1000,10000,"Green","Abs_Abd"
"Case2","Sockeye","CU2_Sockeye","SpnForAbd_Wild",2001,"AbsAbd",16199.4396553877,1000,10000,"Green","Abs_Abd"
"Case2","Sockeye","CU2_Sockeye","SpnForAbd_Wild",2002,"AbsAbd",20738.1968172346,1000,10000,"Green","Abs_Abd"
"Case2","Sockeye","CU2_Sockeye","SpnForAbd_Wild",2003,"AbsAbd",22156.4500295836,1000,10000,"Green","Abs_Abd"
"Case2","Sockeye","CU2_Sockeye","SpnForAbd_Wild",2004,"AbsAbd",12377.052162044,1000,10000,"Green","Abs_Abd"
"Case2","Sockeye","CU2_Sockeye","SpnForAbd_Wild",2005,"AbsAbd",12030.8465494797,1000,10000,"Green","Abs_Abd"
"Case2","Sockeye","CU2_Sockeye","SpnForAbd_Wild",2006,"AbsAbd",8997.78487215124,1000,10000,"Amber","Abs_Abd"
"Case2","Sockeye","CU2_Sockeye","SpnForAbd_Wild",2007,"AbsAbd",9974.97998334276,1000,10000,"Amber","Abs_Abd"
"Case2","Sockeye","CU2_Sockeye","SpnForAbd_Wild",2008,"AbsAbd",10519.516650655,1000,10000,"Green","Abs_Abd"
"Case2","Sockeye","CU2_Sockeye","SpnForAbd_Wild",2009,"AbsAbd",8368.90135052922,1000,10000,"Amber","Abs_Abd"
"Case2","Sockeye","CU2_Sockeye","SpnForAbd_Wild",2010,"AbsAbd",7976.81565545127,1000,10000,"Amber","Abs_Abd"
"Case2","Sockeye","CU2_Sockeye","SpnForAbd_Wild",2011,"AbsAbd",6949.69732998125,1000,10000,"Amber","Abs_Abd"
"Case2","Sockeye","CU2_Sockeye","SpnForAbd_Wild",2012,"AbsAbd",5725.01577857438,1000,10000,"Amber","Abs_Abd"
"Case2","Sockeye","CU2_Sockeye","SpnForAbd_Wild",2013,"AbsAbd",6304.95230227194,1000,10000,"Amber","Abs_Abd"
"Case2","Sockeye","CU2_Sockeye","SpnForAbd_Wild",2014,"AbsAbd",8652.78711287497,1000,10000,"Amber","Abs_Abd"
"Case2","Sockeye","CU2_Sockeye","SpnForAbd_Wild",2015,"AbsAbd",10189.7423717098,1000,10000,"Green","Abs_Abd"
"Case2","Sockeye","CU2_Sockeye","SpnForAbd_Wild",2016,"AbsAbd",12287.288365144,1000,10000,"Green","Abs_Abd"
"Case2","Sockeye","CU2_Sockeye","SpnForAbd_Wild",2017,"AbsAbd",8675.54021160955,1000,10000,"Amber","Abs_Abd"
"Case2","Sockeye","CU2_Sockeye","SpnForAbd_Wild",2018,"AbsAbd",5833.91372058278,1000,10000,"Amber","Abs_Abd"
"Case2","Sockeye","CU2_Sockeye","SpnForAbd_Wild",2019,"AbsAbd",2593.06606726277,1000,10000,"Amber","Abs_Abd"
"Case2","Sockeye","CU2_Sockeye","SpnForAbd_Wild",2020,"AbsAbd",2403.43828898863,1000,10000,"Amber","Abs_Abd"
"Case2","Sockeye","CU2_Sockeye","SpnForAbd_Wild",2021,"AbsAbd",2294.67489708002,1000,10000,"Amber","Abs_Abd"
"Case2","Sockeye","CU2_Sockeye","SpnForAbd_Wild",2022,"AbsAbd",2334.20412554041,1000,10000,"Amber","Abs_Abd"
"Case3","Chinook","CU3_Chinook","SpnForAbd_Wild",1995,"RelAbd",7695.60009356953,21244,48317,"Red","Rel_Idx"
"Case3","Chinook","CU3_Chinook","SpnForAbd_Wild",1996,"RelAbd",9944.00090830677,21244,48317,"Red","Rel_Idx"
"Case3","Chinook","CU3_Chinook","SpnForAbd_Wild",1997,"RelAbd",14481.2101107861,21244,48317,"Red","Rel_Idx"
"Case3","Chinook","CU3_Chinook","SpnForAbd_Wild",1998,"RelAbd",28773.0964915603,21244,48317,"Amber","Rel_Idx"
"Case3","Chinook","CU3_Chinook","SpnForAbd_Wild",1999,"RelAbd",35504.2827324722,21244,48317,"Amber","Rel_Idx"
"Case3","Chinook","CU3_Chinook","SpnForAbd_Wild",2000,"RelAbd",29786.2966172216,21244,48317,"Amber","Rel_Idx"
"Case3","Chinook","CU3_Chinook","SpnForAbd_Wild",2001,"RelAbd",30956.9294886688,21244,48317,"Amber","Rel_Idx"
"Case3","Chinook","CU3_Chinook","SpnForAbd_Wild",2002,"RelAbd",29383.103230796,21244,48317,"Amber","Rel_Idx"
"Case3","Chinook","CU3_Chinook","SpnForAbd_Wild",2003,"RelAbd",36968.1664811726,21244,48317,"Amber","Rel_Idx"
"Case3","Chinook","CU3_Chinook","SpnForAbd_Wild",2004,"RelAbd",46157.7551013268,21244,48317,"Amber","Rel_Idx"
"Case3","Chinook","CU3_Chinook","SpnForAbd_Wild",2005,"RelAbd",53978.9945996023,21244,48317,"Green","Rel_Idx"
"Case3","Chinook","CU3_Chinook","SpnForAbd_Wild",2006,"RelAbd",66374.3331569111,21244,48317,"Green","Rel_Idx"
"Case3","Chinook","CU3_Chinook","SpnForAbd_Wild",2007,"RelAbd",70390.7725100903,21244,48317,"Green","Rel_Idx"
"Case3","Chinook","CU3_Chinook","SpnForAbd_Wild",2008,"RelAbd",83465.7274621946,21244,48317,"Green","Rel_Idx"
"Case3","Chinook","CU3_Chinook","SpnForAbd_Wild",2009,"RelAbd",79415.2228742014,21244,48317,"Green","Rel_Idx"
"Case3","Chinook","CU3_Chinook","SpnForAbd_Wild",2010,"RelAbd",72633.7308310153,21244,48317,"Green","Rel_Idx"
"Case3","Chinook","CU3_Chinook","SpnForAbd_Wild",2011,"RelAbd",85670.1260292584,21244,48317,"Green","Rel_Idx"
"Case3","Chinook","CU3_Chinook","SpnForAbd_Wild",2012,"RelAbd",75451.9698159779,21244,48317,"Green","Rel_Idx"
"Case3","Chinook","CU3_Chinook","SpnForAbd_Wild",2013,"RelAbd",83297.8926557883,21244,48317,"Green","Rel_Idx"
"Case3","Chinook","CU3_Chinook","SpnForAbd_Wild",2014,"RelAbd",69161.5695707444,21244,48317,"Green","Rel_Idx"
"Case3","Chinook","CU3_Chinook","SpnForAbd_Wild",2015,"RelAbd",72406.4702007366,21244,48317,"Green","Rel_Idx"
"Case3","Chinook","CU3_Chinook","SpnForAbd_Wild",2016,"RelAbd",85277.7598840533,21244,48317,"Green","Rel_Idx"
"Case3","Chinook","CU3_Chinook","SpnForAbd_Wild",2017,"RelAbd",80546.220987345,21244,48317,"Green","Rel_Idx"
"Case3","Chinook","CU3_Chinook","SpnForAbd_Wild",2018,"RelAbd",74296.0975320697,21244,48317,"Green","Rel_Idx"
"Case3","Chinook","CU3_Chinook","SpnForAbd_Wild",2019,"RelAbd",75982.5550096581,21244,48317,"Green","Rel_Idx"
"Case3","Chinook","CU3_Chinook","SpnForAbd_Wild",2020,"RelAbd",100963.353684558,21244,48317,"Green","Rel_Idx"
"Case3","Chinook","CU3_Chinook","SpnForAbd_Wild",2021,"RelAbd",121059.96877441,21244,48317,"Green","Rel_Idx"
"Case3","Chinook","CU3_Chinook","SpnForAbd_Wild",2022,"RelAbd",156646.309821152,21244,48317,"Green","Rel_Idx"
"Case3","Chinook","CU3_Chinook","SpnForAbd_Wild",2023,"RelAbd",221993.279374534,21244,48317,"Green","Rel_Idx"
"Case3","Chinook","CU3_Chinook","SpnForAbd_Wild",1995,"AbsAbd",7695.60009356953,1000,10000,"Amber","Rel_Idx"
"Case3","Chinook","CU3_Chinook","SpnForAbd_Wild",1996,"AbsAbd",9944.00090830677,1000,10000,"Amber","Rel_Idx"
"Case3","Chinook","CU3_Chinook","SpnForAbd_Wild",1997,"AbsAbd",14481.2101107861,1000,10000,"Green","Rel_Idx"
"Case3","Chinook","CU3_Chinook","SpnForAbd_Wild",1998,"AbsAbd",28773.0964915603,1000,10000,"Green","Rel_Idx"
"Case3","Chinook","CU3_Chinook","SpnForAbd_Wild",1999,"AbsAbd",35504.2827324722,1000,10000,"Green","Rel_Idx"
"Case3","Chinook","CU3_Chinook","SpnForAbd_Wild",2000,"AbsAbd",29786.2966172216,1000,10000,"Green","Rel_Idx"
"Case3","Chinook","CU3_Chinook","SpnForAbd_Wild",2001,"AbsAbd",30956.9294886688,1000,10000,"Green","Rel_Idx"
"Case3","Chinook","CU3_Chinook","SpnForAbd_Wild",2002,"AbsAbd",29383.103230796,1000,10000,"Green","Rel_Idx"
"Case3","Chinook","CU3_Chinook","SpnForAbd_Wild",2003,"AbsAbd",36968.1664811726,1000,10000,"Green","Rel_Idx"
"Case3","Chinook","CU3_Chinook","SpnForAbd_Wild",2004,"AbsAbd",46157.7551013268,1000,10000,"Green","Rel_Idx"
"Case3","Chinook","CU3_Chinook","SpnForAbd_Wild",2005,"AbsAbd",53978.9945996023,1000,10000,"Green","Rel_Idx"
"Case3","Chinook","CU3_Chinook","SpnForAbd_Wild",2006,"AbsAbd",66374.3331569111,1000,10000,"Green","Rel_Idx"
"Case3","Chinook","CU3_Chinook","SpnForAbd_Wild",2007,"AbsAbd",70390.7725100903,1000,10000,"Green","Rel_Idx"
"Case3","Chinook","CU3_Chinook","SpnForAbd_Wild",2008,"AbsAbd",83465.7274621946,1000,10000,"Green","Rel_Idx"
"Case3","Chinook","CU3_Chinook","SpnForAbd_Wild",2009,"AbsAbd",79415.2228742014,1000,10000,"Green","Rel_Idx"
"Case3","Chinook","CU3_Chinook","SpnForAbd_Wild",2010,"AbsAbd",72633.7308310153,1000,10000,"Green","Rel_Idx"
"Case3","Chinook","CU3_Chinook","SpnForAbd_Wild",2011,"AbsAbd",85670.1260292584,1000,10000,"Green","Rel_Idx"
"Case3","Chinook","CU3_Chinook","SpnForAbd_Wild",2012,"AbsAbd",75451.9698159779,1000,10000,"Green","Rel_Idx"
"Case3","Chinook","CU3_Chinook","SpnForAbd_Wild",2013,"AbsAbd",83297.8926557883,1000,10000,"Green","Rel_Idx"
"Case3","Chinook","CU3_Chinook","SpnForAbd_Wild",2014,"AbsAbd",69161.5695707444,1000,10000,"Green","Rel_Idx"
"Case3","Chinook","CU3_Chinook","SpnForAbd_Wild",2015,"AbsAbd",72406.4702007366,1000,10000,"Green","Rel_Idx"
"Case3","Chinook","CU3_Chinook","SpnForAbd_Wild",2016,"AbsAbd",85277.7598840533,1000,10000,"Green","Rel_Idx"
"Case3","Chinook","CU3_Chinook","SpnForAbd_Wild",2017,"AbsAbd",80546.220987345,1000,10000,"Green","Rel_Idx"
"Case3","Chinook","CU3_Chinook","SpnForAbd_Wild",2018,"AbsAbd",74296.0975320697,1000,10000,"Green","Rel_Idx"
"Case3","Chinook","CU3_Chinook","SpnForAbd_Wild",2019,"AbsAbd",75982.5550096581,1000,10000,"Green","Rel_Idx"
"Case3","Chinook","CU3_Chinook","SpnForAbd_Wild",2020,"AbsAbd",100963.353684558,1000,10000,"Green","Rel_Idx"
"Case3","Chinook","CU3_Chinook","SpnForAbd_Wild",2021,"AbsAbd",121059.96877441,1000,10000,"Green","Rel_Idx"
"Case3","Chinook","CU3_Chinook","SpnForAbd_Wild",2022,"AbsAbd",156646.309821152,1000,10000,"Green","Rel_Idx"
"Case3","Chinook","CU3_Chinook","SpnForAbd_Wild",2023,"AbsAbd",221993.279374534,1000,10000,"Green","Rel_Idx"
"Case4","Sockeye","CU4_Sockeye","SpnForAbd_Wild",1995,"RelAbd",1263.89206310378,NA,NA,NA,"Rel_Idx"
"Case4","Sockeye","CU4_Sockeye","SpnForAbd_Wild",1996,"RelAbd",1272.07890961463,NA,NA,NA,"Rel_Idx"
"Case4","Sockeye","CU4_Sockeye","SpnForAbd_Wild",1997,"RelAbd",1357.631979949,NA,NA,NA,"Rel_Idx"
"Case4","Sockeye","CU4_Sockeye","SpnForAbd_Wild",1998,"RelAbd",2332.9455665018,NA,NA,NA,"Rel_Idx"
"Case4","Sockeye","CU4_Sockeye","SpnForAbd_Wild",1999,"RelAbd",1990.04489639459,NA,NA,NA,"Rel_Idx"
"Case4","Sockeye","CU4_Sockeye","SpnForAbd_Wild",2000,"RelAbd",2481.73502367975,NA,NA,NA,"Rel_Idx"
"Case4","Sockeye","CU4_Sockeye","SpnForAbd_Wild",2001,"RelAbd",4031.63051786923,NA,NA,NA,"Rel_Idx"
"Case4","Sockeye","CU4_Sockeye","SpnForAbd_Wild",2002,"RelAbd",6074.10078704043,NA,NA,NA,"Rel_Idx"
"Case4","Sockeye","CU4_Sockeye","SpnForAbd_Wild",2003,"RelAbd",12042.6855555323,NA,NA,NA,"Rel_Idx"
"Case4","Sockeye","CU4_Sockeye","SpnForAbd_Wild",2004,"RelAbd",14885.5182562055,NA,NA,NA,"Rel_Idx"
"Case4","Sockeye","CU4_Sockeye","SpnForAbd_Wild",2005,"RelAbd",11949.1488092344,NA,NA,NA,"Rel_Idx"
"Case4","Sockeye","CU4_Sockeye","SpnForAbd_Wild",2006,"RelAbd",10938.4456151999,NA,NA,NA,"Rel_Idx"
"Case4","Sockeye","CU4_Sockeye","SpnForAbd_Wild",2007,"RelAbd",8767.39341263595,NA,NA,NA,"Rel_Idx"
"Case4","Sockeye","CU4_Sockeye","SpnForAbd_Wild",2008,"RelAbd",4682.16663316424,NA,NA,NA,"Rel_Idx"
"Case4","Sockeye","CU4_Sockeye","SpnForAbd_Wild",2009,"RelAbd",5013.37338248745,NA,NA,NA,"Rel_Idx"
"Case4","Sockeye","CU4_Sockeye","SpnForAbd_Wild",2010,"RelAbd",4215.17632020414,NA,NA,NA,"Rel_Idx"
"Case4","Sockeye","CU4_Sockeye","SpnForAbd_Wild",2011,"RelAbd",4519.93436779915,NA,NA,NA,"Rel_Idx"
"Case4","Sockeye","CU4_Sockeye","SpnForAbd_Wild",2012,"RelAbd",4640.49233199873,NA,NA,NA,"Rel_Idx"
"Case4","Sockeye","CU4_Sockeye","SpnForAbd_Wild",2013,"RelAbd",4644.29203776912,NA,NA,NA,"Rel_Idx"
"Case4","Sockeye","CU4_Sockeye","SpnForAbd_Wild",2014,"RelAbd",3891.60218306242,NA,NA,NA,"Rel_Idx"
"Case4","Sockeye","CU4_Sockeye","SpnForAbd_Wild",2015,"RelAbd",4036.66852482257,NA,NA,NA,"Rel_Idx"
"Case4","Sockeye","CU4_Sockeye","SpnForAbd_Wild",2016,"RelAbd",4604.82279177759,NA,NA,NA,"Rel_Idx"
"Case4","Sockeye","CU4_Sockeye","SpnForAbd_Wild",2017,"RelAbd",4510.17407491925,NA,NA,NA,"Rel_Idx"
"Case4","Sockeye","CU4_Sockeye","SpnForAbd_Wild",2018,"RelAbd",2975.28992105591,NA,NA,NA,"Rel_Idx"
"Case4","Sockeye","CU4_Sockeye","SpnForAbd_Wild",2019,"RelAbd",873.897338790824,NA,NA,NA,"Rel_Idx"
"Case4","Sockeye","CU4_Sockeye","SpnForAbd_Wild",2020,"RelAbd",416.770446965963,NA,NA,NA,"Rel_Idx"
"Case4","Sockeye","CU4_Sockeye","SpnForAbd_Wild",2021,"RelAbd",318.335475254833,NA,NA,NA,"Rel_Idx"
"Case4","Sockeye","CU4_Sockeye","SpnForAbd_Wild",2022,"RelAbd",337.949106767169,NA,NA,NA,"Rel_Idx"
"Case4","Sockeye","CU4_Sockeye","SpnForAbd_Wild",2023,"RelAbd",721.975585090047,NA,NA,NA,"Rel_Idx"
"Case4","Sockeye","CU4_Sockeye","SpnForAbd_Wild",1995,"AbsAbd",1263.89206310378,1000,10000,"Amber","Rel_Idx"
"Case4","Sockeye","CU4_Sockeye","SpnForAbd_Wild",1996,"AbsAbd",1272.07890961463,1000,10000,"Amber","Rel_Idx"
"Case4","Sockeye","CU4_Sockeye","SpnForAbd_Wild",1997,"AbsAbd",1357.631979949,1000,10000,"Amber","Rel_Idx"
"Case4","Sockeye","CU4_Sockeye","SpnForAbd_Wild",1998,"AbsAbd",2332.9455665018,1000,10000,"Amber","Rel_Idx"
"Case4","Sockeye","CU4_Sockeye","SpnForAbd_Wild",1999,"AbsAbd",1990.04489639459,1000,10000,"Amber","Rel_Idx"
"Case4","Sockeye","CU4_Sockeye","SpnForAbd_Wild",2000,"AbsAbd",2481.73502367975,1000,10000,"Amber","Rel_Idx"
"Case4","Sockeye","CU4_Sockeye","SpnForAbd_Wild",2001,"AbsAbd",4031.63051786923,1000,10000,"Amber","Rel_Idx"
"Case4","Sockeye","CU4_Sockeye","SpnForAbd_Wild",2002,"AbsAbd",6074.10078704043,1000,10000,"Amber","Rel_Idx"
"Case4","Sockeye","CU4_Sockeye","SpnForAbd_Wild",2003,"AbsAbd",12042.6855555323,1000,10000,"Green","Rel_Idx"
"Case4","Sockeye","CU4_Sockeye","SpnForAbd_Wild",2004,"AbsAbd",14885.5182562055,1000,10000,"Green","Rel_Idx"
"Case4","Sockeye","CU4_Sockeye","SpnForAbd_Wild",2005,"AbsAbd",11949.1488092344,1000,10000,"Green","Rel_Idx"
"Case4","Sockeye","CU4_Sockeye","SpnForAbd_Wild",2006,"AbsAbd",10938.4456151999,1000,10000,"Green","Rel_Idx"
"Case4","Sockeye","CU4_Sockeye","SpnForAbd_Wild",2007,"AbsAbd",8767.39341263595,1000,10000,"Amber","Rel_Idx"
"Case4","Sockeye","CU4_Sockeye","SpnForAbd_Wild",2008,"AbsAbd",4682.16663316424,1000,10000,"Amber","Rel_Idx"
"Case4","Sockeye","CU4_Sockeye","SpnForAbd_Wild",2009,"AbsAbd",5013.37338248745,1000,10000,"Amber","Rel_Idx"
"Case4","Sockeye","CU4_Sockeye","SpnForAbd_Wild",2010,"AbsAbd",4215.17632020414,1000,10000,"Amber","Rel_Idx"
"Case4","Sockeye","CU4_Sockeye","SpnForAbd_Wild",2011,"AbsAbd",4519.93436779915,1000,10000,"Amber","Rel_Idx"
"Case4","Sockeye","CU4_Sockeye","SpnForAbd_Wild",2012,"AbsAbd",4640.49233199873,1000,10000,"Amber","Rel_Idx"
"Case4","Sockeye","CU4_Sockeye","SpnForAbd_Wild",2013,"AbsAbd",4644.29203776912,1000,10000,"Amber","Rel_Idx"
"Case4","Sockeye","CU4_Sockeye","SpnForAbd_Wild",2014,"AbsAbd",3891.60218306242,1000,10000,"Amber","Rel_Idx"
"Case4","Sockeye","CU4_Sockeye","SpnForAbd_Wild",2015,"AbsAbd",4036.66852482257,1000,10000,"Amber","Rel_Idx"
"Case4","Sockeye","CU4_Sockeye","SpnForAbd_Wild",2016,"AbsAbd",4604.82279177759,1000,10000,"Amber","Rel_Idx"
"Case4","Sockeye","CU4_Sockeye","SpnForAbd_Wild",2017,"AbsAbd",4510.17407491925,1000,10000,"Amber","Rel_Idx"
"Case4","Sockeye","CU4_Sockeye","SpnForAbd_Wild",2018,"AbsAbd",2975.28992105591,1000,10000,"Amber","Rel_Idx"
"Case4","Sockeye","CU4_Sockeye","SpnForAbd_Wild",2019,"AbsAbd",873.897338790824,1000,10000,"Red","Rel_Idx"
"Case4","Sockeye","CU4_Sockeye","SpnForAbd_Wild",2020,"AbsAbd",416.770446965963,1000,10000,"Red","Rel_Idx"
"Case4","Sockeye","CU4_Sockeye","SpnForAbd_Wild",2021,"AbsAbd",318.335475254833,1000,10000,"Red","Rel_Idx"
"Case4","Sockeye","CU4_Sockeye","SpnForAbd_Wild",2022,"AbsAbd",337.949106767169,1000,10000,"Red","Rel_Idx"
"Case4","Sockeye","CU4_Sockeye","SpnForAbd_Wild",2023,"AbsAbd",721.975585090047,1000,10000,"Red","Rel_Idx"
"Case5","Chinook","CU5_Chinook","SpnForAbd_Wild",1995,"RelAbd",NA,NA,NA,NA,"Abs_Abd"
"Case5","Chinook","CU5_Chinook","SpnForAbd_Wild",1996,"RelAbd",NA,NA,NA,NA,"Abs_Abd"
"Case5","Chinook","CU5_Chinook","SpnForAbd_Wild",1997,"RelAbd",NA,NA,NA,NA,"Abs_Abd"
"Case5","Chinook","CU5_Chinook","SpnForAbd_Wild",1998,"RelAbd",NA,NA,NA,NA,"Abs_Abd"
"Case5","Chinook","CU5_Chinook","SpnForAbd_Wild",1999,"RelAbd",NA,NA,NA,NA,"Abs_Abd"
"Case5","Chinook","CU5_Chinook","SpnForAbd_Wild",2000,"RelAbd",NA,NA,NA,NA,"Abs_Abd"
"Case5","Chinook","CU5_Chinook","SpnForAbd_Wild",2001,"RelAbd",NA,NA,NA,NA,"Abs_Abd"
"Case5","Chinook","CU5_Chinook","SpnForAbd_Wild",2002,"RelAbd",NA,NA,NA,NA,"Abs_Abd"
"Case5","Chinook","CU5_Chinook","SpnForAbd_Wild",2003,"RelAbd",NA,NA,NA,NA,"Abs_Abd"
"Case5","Chinook","CU5_Chinook","SpnForAbd_Wild",2004,"RelAbd",NA,NA,NA,NA,"Abs_Abd"
"Case5","Chinook","CU5_Chinook","SpnForAbd_Wild",2005,"RelAbd",NA,NA,NA,NA,"Abs_Abd"
"Case5","Chinook","CU5_Chinook","SpnForAbd_Wild",2006,"RelAbd",NA,NA,NA,NA,"Abs_Abd"
"Case5","Chinook","CU5_Chinook","SpnForAbd_Wild",2007,"RelAbd",NA,NA,NA,NA,"Abs_Abd"
"Case5","Chinook","CU5_Chinook","SpnForAbd_Wild",2008,"RelAbd",NA,NA,NA,NA,"Abs_Abd"
"Case5","Chinook","CU5_Chinook","SpnForAbd_Wild",2009,"RelAbd",12.4714785315049,NA,NA,NA,"Abs_Abd"
"Case5","Chinook","CU5_Chinook","SpnForAbd_Wild",2010,"RelAbd",7.61350819167864,NA,NA,NA,"Abs_Abd"
"Case5","Chinook","CU5_Chinook","SpnForAbd_Wild",2011,"RelAbd",9.32460511105626,NA,NA,NA,"Abs_Abd"
"Case5","Chinook","CU5_Chinook","SpnForAbd_Wild",2012,"RelAbd",9.12395865581764,NA,NA,NA,"Abs_Abd"
"Case5","Chinook","CU5_Chinook","SpnForAbd_Wild",2013,"RelAbd",14.0176415536193,NA,NA,NA,"Abs_Abd"
"Case5","Chinook","CU5_Chinook","SpnForAbd_Wild",2014,"RelAbd",24.9272833521072,NA,NA,NA,"Abs_Abd"
"Case5","Chinook","CU5_Chinook","SpnForAbd_Wild",2015,"RelAbd",33.681749124286,NA,NA,NA,"Abs_Abd"
"Case5","Chinook","CU5_Chinook","SpnForAbd_Wild",2016,"RelAbd",46.7996310862947,NA,NA,NA,"Abs_Abd"
"Case5","Chinook","CU5_Chinook","SpnForAbd_Wild",2017,"RelAbd",51.4570626798105,NA,NA,NA,"Abs_Abd"
"Case5","Chinook","CU5_Chinook","SpnForAbd_Wild",2018,"RelAbd",34.4114117896874,NA,NA,NA,"Abs_Abd"
"Case5","Chinook","CU5_Chinook","SpnForAbd_Wild",2019,"RelAbd",24.7283235089792,NA,NA,NA,"Abs_Abd"
"Case5","Chinook","CU5_Chinook","SpnForAbd_Wild",2020,"RelAbd",29.0417217595422,NA,NA,NA,"Abs_Abd"
"Case5","Chinook","CU5_Chinook","SpnForAbd_Wild",2021,"RelAbd",31.7084418278692,NA,NA,NA,"Abs_Abd"
"Case5","Chinook","CU5_Chinook","SpnForAbd_Wild",2022,"RelAbd",40.2641224402628,NA,NA,NA,"Abs_Abd"
"Case5","Chinook","CU5_Chinook","SpnForAbd_Wild",2023,"RelAbd",38.2273401065942,NA,NA,NA,"Abs_Abd"
"Case5","Chinook","CU5_Chinook","SpnForAbd_Wild",1995,"AbsAbd",NA,1000,10000,NA,"Abs_Abd"
"Case5","Chinook","CU5_Chinook","SpnForAbd_Wild",1996,"AbsAbd",NA,1000,10000,NA,"Abs_Abd"
"Case5","Chinook","CU5_Chinook","SpnForAbd_Wild",1997,"AbsAbd",NA,1000,10000,NA,"Abs_Abd"
"Case5","Chinook","CU5_Chinook","SpnForAbd_Wild",1998,"AbsAbd",NA,1000,10000,NA,"Abs_Abd"
"Case5","Chinook","CU5_Chinook","SpnForAbd_Wild",1999,"AbsAbd",NA,1000,10000,NA,"Abs_Abd"
"Case5","Chinook","CU5_Chinook","SpnForAbd_Wild",2000,"AbsAbd",NA,1000,10000,NA,"Abs_Abd"
"Case5","Chinook","CU5_Chinook","SpnForAbd_Wild",2001,"AbsAbd",NA,1000,10000,NA,"Abs_Abd"
"Case5","Chinook","CU5_Chinook","SpnForAbd_Wild",2002,"AbsAbd",NA,1000,10000,NA,"Abs_Abd"
"Case5","Chinook","CU5_Chinook","SpnForAbd_Wild",2003,"AbsAbd",NA,1000,10000,NA,"Abs_Abd"
"Case5","Chinook","CU5_Chinook","SpnForAbd_Wild",2004,"AbsAbd",NA,1000,10000,NA,"Abs_Abd"
"Case5","Chinook","CU5_Chinook","SpnForAbd_Wild",2005,"AbsAbd",NA,1000,10000,NA,"Abs_Abd"
"Case5","Chinook","CU5_Chinook","SpnForAbd_Wild",2006,"AbsAbd",NA,1000,10000,NA,"Abs_Abd"
"Case5","Chinook","CU5_Chinook","SpnForAbd_Wild",2007,"AbsAbd",NA,1000,10000,NA,"Abs_Abd"
"Case5","Chinook","CU5_Chinook","SpnForAbd_Wild",2008,"AbsAbd",NA,1000,10000,NA,"Abs_Abd"
"Case5","Chinook","CU5_Chinook","SpnForAbd_Wild",2009,"AbsAbd",12.4714785315049,1000,10000,"Red","Abs_Abd"
"Case5","Chinook","CU5_Chinook","SpnForAbd_Wild",2010,"AbsAbd",7.61350819167864,1000,10000,"Red","Abs_Abd"
"Case5","Chinook","CU5_Chinook","SpnForAbd_Wild",2011,"AbsAbd",9.32460511105626,1000,10000,"Red","Abs_Abd"
"Case5","Chinook","CU5_Chinook","SpnForAbd_Wild",2012,"AbsAbd",9.12395865581764,1000,10000,"Red","Abs_Abd"
"Case5","Chinook","CU5_Chinook","SpnForAbd_Wild",2013,"AbsAbd",14.0176415536193,1000,10000,"Red","Abs_Abd"
"Case5","Chinook","CU5_Chinook","SpnForAbd_Wild",2014,"AbsAbd",24.9272833521072,1000,10000,"Red","Abs_Abd"
"Case5","Chinook","CU5_Chinook","SpnForAbd_Wild",2015,"AbsAbd",33.681749124286,1000,10000,"Red","Abs_Abd"
"Case5","Chinook","CU5_Chinook","SpnForAbd_Wild",2016,"AbsAbd",46.7996310862947,1000,10000,"Red","Abs_Abd"
"Case5","Chinook","CU5_Chinook","SpnForAbd_Wild",2017,"AbsAbd",51.4570626798105,1000,10000,"Red","Abs_Abd"
"Case5","Chinook","CU5_Chinook","SpnForAbd_Wild",2018,"AbsAbd",34.4114117896874,1000,10000,"Red","Abs_Abd"
"Case5","Chinook","CU5_Chinook","SpnForAbd_Wild",2019,"AbsAbd",24.7283235089792,1000,10000,"Red","Abs_Abd"
"Case5","Chinook","CU5_Chinook","SpnForAbd_Wild",2020,"AbsAbd",29.0417217595422,1000,10000,"Red","Abs_Abd"
"Case5","Chinook","CU5_Chinook","SpnForAbd_Wild",2021,"AbsAbd",31.7084418278692,1000,10000,"Red","Abs_Abd"
"Case5","Chinook","CU5_Chinook","SpnForAbd_Wild",2022,"AbsAbd",40.2641224402628,1000,10000,"Red","Abs_Abd"
"Case5","Chinook","CU5_Chinook","SpnForAbd_Wild",2023,"AbsAbd",38.2273401065942,1000,10000,"Red","Abs_Abd"
"Case1","Chinook","CU1_Chinook","SpnForTrend_Wild",1995,"LongTrend",1.48,0.5,0.75,"Green","Abs_Abd"
"Case1","Chinook","CU1_Chinook","SpnForTrend_Wild",1996,"LongTrend",1.61,0.5,0.75,"Green","Abs_Abd"
"Case1","Chinook","CU1_Chinook","SpnForTrend_Wild",1997,"LongTrend",1.67,0.5,0.75,"Green","Abs_Abd"
"Case1","Chinook","CU1_Chinook","SpnForTrend_Wild",1998,"LongTrend",1.59,0.5,0.75,"Green","Abs_Abd"
"Case1","Chinook","CU1_Chinook","SpnForTrend_Wild",1999,"LongTrend",1.99,0.5,0.75,"Green","Abs_Abd"
"Case1","Chinook","CU1_Chinook","SpnForTrend_Wild",2000,"LongTrend",1.8,0.5,0.75,"Green","Abs_Abd"
"Case1","Chinook","CU1_Chinook","SpnForTrend_Wild",2001,"LongTrend",1.98,0.5,0.75,"Green","Abs_Abd"
"Case1","Chinook","CU1_Chinook","SpnForTrend_Wild",2002,"LongTrend",2.11,0.5,0.75,"Green","Abs_Abd"
"Case1","Chinook","CU1_Chinook","SpnForTrend_Wild",2003,"LongTrend",1.94,0.5,0.75,"Green","Abs_Abd"
"Case1","Chinook","CU1_Chinook","SpnForTrend_Wild",2004,"LongTrend",1.74,0.5,0.75,"Green","Abs_Abd"
"Case1","Chinook","CU1_Chinook","SpnForTrend_Wild",2005,"LongTrend",1.5,0.5,0.75,"Green","Abs_Abd"
"Case1","Chinook","CU1_Chinook","SpnForTrend_Wild",2006,"LongTrend",1.5,0.5,0.75,"Green","Abs_Abd"
"Case1","Chinook","CU1_Chinook","SpnForTrend_Wild",2007,"LongTrend",1.26,0.5,0.75,"Green","Abs_Abd"
"Case1","Chinook","CU1_Chinook","SpnForTrend_Wild",2008,"LongTrend",1.23,0.5,0.75,"Green","Abs_Abd"
"Case1","Chinook","CU1_Chinook","SpnForTrend_Wild",2009,"LongTrend",1.32,0.5,0.75,"Green","Abs_Abd"
"Case1","Chinook","CU1_Chinook","SpnForTrend_Wild",2010,"LongTrend",1.33,0.5,0.75,"Green","Abs_Abd"
"Case1","Chinook","CU1_Chinook","SpnForTrend_Wild",2011,"LongTrend",1.37,0.5,0.75,"Green","Abs_Abd"
"Case1","Chinook","CU1_Chinook","SpnForTrend_Wild",2012,"LongTrend",1.01,0.5,0.75,"Green","Abs_Abd"
"Case1","Chinook","CU1_Chinook","SpnForTrend_Wild",2013,"LongTrend",1,0.5,0.75,"Green","Abs_Abd"
"Case1","Chinook","CU1_Chinook","SpnForTrend_Wild",2014,"LongTrend",0.85,0.5,0.75,"Green","Abs_Abd"
"Case1","Chinook","CU1_Chinook","SpnForTrend_Wild",2015,"LongTrend",1.02,0.5,0.75,"Green","Abs_Abd"
"Case1","Chinook","CU1_Chinook","SpnForTrend_Wild",2016,"LongTrend",1.21,0.5,0.75,"Green","Abs_Abd"
"Case1","Chinook","CU1_Chinook","SpnForTrend_Wild",2017,"LongTrend",1.05,0.5,0.75,"Green","Abs_Abd"
"Case1","Chinook","CU1_Chinook","SpnForTrend_Wild",2018,"LongTrend",0.82,0.5,0.75,"Green","Abs_Abd"
"Case1","Chinook","CU1_Chinook","SpnForTrend_Wild",2019,"LongTrend",0.73,0.5,0.75,"Amber","Abs_Abd"
"Case1","Chinook","CU1_Chinook","SpnForTrend_Wild",2020,"LongTrend",1.01,0.5,0.75,"Green","Abs_Abd"
"Case1","Chinook","CU1_Chinook","SpnForTrend_Wild",2021,"LongTrend",1.24,0.5,0.75,"Green","Abs_Abd"
"Case1","Chinook","CU1_Chinook","SpnForTrend_Wild",2022,"LongTrend",1.47,0.5,0.75,"Green","Abs_Abd"
"Case1","Chinook","CU1_Chinook","SpnForTrend_Wild",2023,"LongTrend",1.88,0.5,0.75,"Green","Abs_Abd"
"Case1","Chinook","CU1_Chinook","SpnForTrend_Wild",1995,"PercChange",62.9643,-25,-15,"Green","Abs_Abd"
"Case1","Chinook","CU1_Chinook","SpnForTrend_Wild",1996,"PercChange",53.8064,-25,-15,"Green","Abs_Abd"
"Case1","Chinook","CU1_Chinook","SpnForTrend_Wild",1997,"PercChange",18.0814,-25,-15,"Green","Abs_Abd"
"Case1","Chinook","CU1_Chinook","SpnForTrend_Wild",1998,"PercChange",54.8759,-25,-15,"Green","Abs_Abd"
"Case1","Chinook","CU1_Chinook","SpnForTrend_Wild",1999,"PercChange",94.7478,-25,-15,"Green","Abs_Abd"
"Case1","Chinook","CU1_Chinook","SpnForTrend_Wild",2000,"PercChange",91.8473,-25,-15,"Green","Abs_Abd"
"Case1","Chinook","CU1_Chinook","SpnForTrend_Wild",2001,"PercChange",76.3495,-25,-15,"Green","Abs_Abd"
"Case1","Chinook","CU1_Chinook","SpnForTrend_Wild",2002,"PercChange",141.2782,-25,-15,"Green","Abs_Abd"
"Case1","Chinook","CU1_Chinook","SpnForTrend_Wild",2003,"PercChange",104.5234,-25,-15,"Green","Abs_Abd"
"Case1","Chinook","CU1_Chinook","SpnForTrend_Wild",2004,"PercChange",39.3373,-25,-15,"Green","Abs_Abd"
"Case1","Chinook","CU1_Chinook","SpnForTrend_Wild",2005,"PercChange",-14.134,-25,-15,"Green","Abs_Abd"
"Case1","Chinook","CU1_Chinook","SpnForTrend_Wild",2006,"PercChange",38.4771,-25,-15,"Green","Abs_Abd"
"Case1","Chinook","CU1_Chinook","SpnForTrend_Wild",2007,"PercChange",-22.1357,-25,-15,"Amber","Abs_Abd"
"Case1","Chinook","CU1_Chinook","SpnForTrend_Wild",2008,"PercChange",-36.1847,-25,-15,"Red","Abs_Abd"
"Case1","Chinook","CU1_Chinook","SpnForTrend_Wild",2009,"PercChange",-49.6812,-25,-15,"Red","Abs_Abd"
"Case1","Chinook","CU1_Chinook","SpnForTrend_Wild",2010,"PercChange",-14.1375,-25,-15,"Green","Abs_Abd"
"Case1","Chinook","CU1_Chinook","SpnForTrend_Wild",2011,"PercChange",-14.9947,-25,-15,"Green","Abs_Abd"
"Case1","Chinook","CU1_Chinook","SpnForTrend_Wild",2012,"PercChange",-65.6491,-25,-15,"Red","Abs_Abd"
"Case1","Chinook","CU1_Chinook","SpnForTrend_Wild",2013,"PercChange",-61.2242,-25,-15,"Red","Abs_Abd"
"Case1","Chinook","CU1_Chinook","SpnForTrend_Wild",2014,"PercChange",-19.6546,-25,-15,"Amber","Abs_Abd"
"Case1","Chinook","CU1_Chinook","SpnForTrend_Wild",2015,"PercChange",25.7482,-25,-15,"Green","Abs_Abd"
"Case1","Chinook","CU1_Chinook","SpnForTrend_Wild",2016,"PercChange",-40.1243,-25,-15,"Red","Abs_Abd"
"Case1","Chinook","CU1_Chinook","SpnForTrend_Wild",2017,"PercChange",-55.5789,-25,-15,"Red","Abs_Abd"
"Case1","Chinook","CU1_Chinook","SpnForTrend_Wild",2018,"PercChange",-28.5798,-25,-15,"Red","Abs_Abd"
"Case1","Chinook","CU1_Chinook","SpnForTrend_Wild",2019,"PercChange",-21.9761,-25,-15,"Amber","Abs_Abd"
"Case1","Chinook","CU1_Chinook","SpnForTrend_Wild",2020,"PercChange",-27.3421,-25,-15,"Red","Abs_Abd"
"Case1","Chinook","CU1_Chinook","SpnForTrend_Wild",2021,"PercChange",-3.9886,-25,-15,"Green","Abs_Abd"
"Case1","Chinook","CU1_Chinook","SpnForTrend_Wild",2022,"PercChange",119.7371,-25,-15,"Green","Abs_Abd"
"Case1","Chinook","CU1_Chinook","SpnForTrend_Wild",2023,"PercChange",304.7459,-25,-15,"Green","Abs_Abd"
"Case1","Chinook","CU1_Chinook","SpnForTrend_Wild",1995,"ProbDeclBelowLBM",2.0333,NA,NA,NA,"Abs_Abd"
"Case1","Chinook","CU1_Chinook","SpnForTrend_Wild",1996,"ProbDeclBelowLBM",2.4,NA,NA,NA,"Abs_Abd"
"Case1","Chinook","CU1_Chinook","SpnForTrend_Wild",1997,"ProbDeclBelowLBM",7.7667,NA,NA,NA,"Abs_Abd"
"Case1","Chinook","CU1_Chinook","SpnForTrend_Wild",1998,"ProbDeclBelowLBM",1.9667,NA,NA,NA,"Abs_Abd"
"Case1","Chinook","CU1_Chinook","SpnForTrend_Wild",1999,"ProbDeclBelowLBM",0.5667,NA,NA,NA,"Abs_Abd"
"Case1","Chinook","CU1_Chinook","SpnForTrend_Wild",2000,"ProbDeclBelowLBM",0.8,NA,NA,NA,"Abs_Abd"
"Case1","Chinook","CU1_Chinook","SpnForTrend_Wild",2001,"ProbDeclBelowLBM",1.1667,NA,NA,NA,"Abs_Abd"
"Case1","Chinook","CU1_Chinook","SpnForTrend_Wild",2002,"ProbDeclBelowLBM",0.2,NA,NA,NA,"Abs_Abd"
"Case1","Chinook","CU1_Chinook","SpnForTrend_Wild",2003,"ProbDeclBelowLBM",0.4667,NA,NA,NA,"Abs_Abd"
"Case1","Chinook","CU1_Chinook","SpnForTrend_Wild",2004,"ProbDeclBelowLBM",8.0333,NA,NA,NA,"Abs_Abd"
"Case1","Chinook","CU1_Chinook","SpnForTrend_Wild",2005,"ProbDeclBelowLBM",36.5333,NA,NA,NA,"Abs_Abd"
"Case1","Chinook","CU1_Chinook","SpnForTrend_Wild",2006,"ProbDeclBelowLBM",9.7667,NA,NA,NA,"Abs_Abd"
"Case1","Chinook","CU1_Chinook","SpnForTrend_Wild",2007,"ProbDeclBelowLBM",46.3,NA,NA,NA,"Abs_Abd"
"Case1","Chinook","CU1_Chinook","SpnForTrend_Wild",2008,"ProbDeclBelowLBM",62.5667,NA,NA,NA,"Abs_Abd"
"Case1","Chinook","CU1_Chinook","SpnForTrend_Wild",2009,"ProbDeclBelowLBM",82.2333,NA,NA,NA,"Abs_Abd"
"Case1","Chinook","CU1_Chinook","SpnForTrend_Wild",2010,"ProbDeclBelowLBM",40.3,NA,NA,NA,"Abs_Abd"
"Case1","Chinook","CU1_Chinook","SpnForTrend_Wild",2011,"ProbDeclBelowLBM",40.8333,NA,NA,NA,"Abs_Abd"
"Case1","Chinook","CU1_Chinook","SpnForTrend_Wild",2012,"ProbDeclBelowLBM",85.2333,NA,NA,NA,"Abs_Abd"
"Case1","Chinook","CU1_Chinook","SpnForTrend_Wild",2013,"ProbDeclBelowLBM",80.4,NA,NA,NA,"Abs_Abd"
"Case1","Chinook","CU1_Chinook","SpnForTrend_Wild",2014,"ProbDeclBelowLBM",46.5667,NA,NA,NA,"Abs_Abd"
"Case1","Chinook","CU1_Chinook","SpnForTrend_Wild",2015,"ProbDeclBelowLBM",25.8333,NA,NA,NA,"Abs_Abd"
"Case1","Chinook","CU1_Chinook","SpnForTrend_Wild",2016,"ProbDeclBelowLBM",59.9667,NA,NA,NA,"Abs_Abd"
"Case1","Chinook","CU1_Chinook","SpnForTrend_Wild",2017,"ProbDeclBelowLBM",73.2333,NA,NA,NA,"Abs_Abd"
"Case1","Chinook","CU1_Chinook","SpnForTrend_Wild",2018,"ProbDeclBelowLBM",52.7333,NA,NA,NA,"Abs_Abd"
"Case1","Chinook","CU1_Chinook","SpnForTrend_Wild",2019,"ProbDeclBelowLBM",47.8,NA,NA,NA,"Abs_Abd"
"Case1","Chinook","CU1_Chinook","SpnForTrend_Wild",2020,"ProbDeclBelowLBM",51.5667,NA,NA,NA,"Abs_Abd"
"Case1","Chinook","CU1_Chinook","SpnForTrend_Wild",2021,"ProbDeclBelowLBM",38.6,NA,NA,NA,"Abs_Abd"
"Case1","Chinook","CU1_Chinook","SpnForTrend_Wild",2022,"ProbDeclBelowLBM",6.9333,NA,NA,NA,"Abs_Abd"
"Case1","Chinook","CU1_Chinook","SpnForTrend_Wild",2023,"ProbDeclBelowLBM",1.6,NA,NA,NA,"Abs_Abd"
"Case1","Chinook","CU1_Chinook","SpnForTrend_Wild",1995,"Percentile",0.8333,0.25,0.5,"Green","Abs_Abd"
"Case1","Chinook","CU1_Chinook","SpnForTrend_Wild",1996,"Percentile",0.9474,0.25,0.5,"Green","Abs_Abd"
"Case1","Chinook","CU1_Chinook","SpnForTrend_Wild",1997,"Percentile",0.9,0.25,0.5,"Green","Abs_Abd"
"Case1","Chinook","CU1_Chinook","SpnForTrend_Wild",1998,"Percentile",0.8571,0.25,0.5,"Green","Abs_Abd"
"Case1","Chinook","CU1_Chinook","SpnForTrend_Wild",1999,"Percentile",0.9545,0.25,0.5,"Green","Abs_Abd"
"Case1","Chinook","CU1_Chinook","SpnForTrend_Wild",2000,"Percentile",0.913,0.25,0.5,"Green","Abs_Abd"
"Case1","Chinook","CU1_Chinook","SpnForTrend_Wild",2001,"Percentile",0.9167,0.25,0.5,"Green","Abs_Abd"
"Case1","Chinook","CU1_Chinook","SpnForTrend_Wild",2002,"Percentile",0.92,0.25,0.5,"Green","Abs_Abd"
"Case1","Chinook","CU1_Chinook","SpnForTrend_Wild",2003,"Percentile",0.9231,0.25,0.5,"Green","Abs_Abd"
"Case1","Chinook","CU1_Chinook","SpnForTrend_Wild",2004,"Percentile",0.9259,0.25,0.5,"Green","Abs_Abd"
"Case1","Chinook","CU1_Chinook","SpnForTrend_Wild",2005,"Percentile",0.8929,0.25,0.5,"Green","Abs_Abd"
"Case1","Chinook","CU1_Chinook","SpnForTrend_Wild",2006,"Percentile",0.8276,0.25,0.5,"Green","Abs_Abd"
"Case1","Chinook","CU1_Chinook","SpnForTrend_Wild",2007,"Percentile",0.7667,0.25,0.5,"Green","Abs_Abd"
"Case1","Chinook","CU1_Chinook","SpnForTrend_Wild",2008,"Percentile",0.7419,0.25,0.5,"Green","Abs_Abd"
"Case1","Chinook","CU1_Chinook","SpnForTrend_Wild",2009,"Percentile",0.6562,0.25,0.5,"Green","Abs_Abd"
"Case1","Chinook","CU1_Chinook","SpnForTrend_Wild",2010,"Percentile",0.6364,0.25,0.5,"Green","Abs_Abd"
"Case1","Chinook","CU1_Chinook","SpnForTrend_Wild",2011,"Percentile",0.6765,0.25,0.5,"Green","Abs_Abd"
"Case1","Chinook","CU1_Chinook","SpnForTrend_Wild",2012,"Percentile",0.6,0.25,0.5,"Green","Abs_Abd"
"Case1","Chinook","CU1_Chinook","SpnForTrend_Wild",2013,"Percentile",0.5556,0.25,0.5,"Green","Abs_Abd"
"Case1","Chinook","CU1_Chinook","SpnForTrend_Wild",2014,"Percentile",0.4595,0.25,0.5,"Amber","Abs_Abd"
"Case1","Chinook","CU1_Chinook","SpnForTrend_Wild",2015,"Percentile",0.2895,0.25,0.5,"Amber","Abs_Abd"
"Case1","Chinook","CU1_Chinook","SpnForTrend_Wild",2016,"Percentile",0.4359,0.25,0.5,"Amber","Abs_Abd"
"Case1","Chinook","CU1_Chinook","SpnForTrend_Wild",2017,"Percentile",0.425,0.25,0.5,"Amber","Abs_Abd"
"Case1","Chinook","CU1_Chinook","SpnForTrend_Wild",2018,"Percentile",0.439,0.25,0.5,"Amber","Abs_Abd"
"Case1","Chinook","CU1_Chinook","SpnForTrend_Wild",2019,"Percentile",0.3095,0.25,0.5,"Amber","Abs_Abd"
"Case1","Chinook","CU1_Chinook","SpnForTrend_Wild",2020,"Percentile",0.3023,0.25,0.5,"Amber","Abs_Abd"
"Case1","Chinook","CU1_Chinook","SpnForTrend_Wild",2021,"Percentile",0.2955,0.25,0.5,"Amber","Abs_Abd"
"Case1","Chinook","CU1_Chinook","SpnForTrend_Wild",2022,"Percentile",0.5333,0.25,0.5,"Green","Abs_Abd"
"Case1","Chinook","CU1_Chinook","SpnForTrend_Wild",2023,"Percentile",0.7609,0.25,0.5,"Green","Abs_Abd"
"Case2","Sockeye","CU2_Sockeye","SpnForTrend_Wild",1995,"LongTrend",0.61,0.5,0.75,"Amber","Abs_Abd"
"Case2","Sockeye","CU2_Sockeye","SpnForTrend_Wild",1996,"LongTrend",0.8,0.5,0.75,"Green","Abs_Abd"
"Case2","Sockeye","CU2_Sockeye","SpnForTrend_Wild",1997,"LongTrend",0.97,0.5,0.75,"Green","Abs_Abd"
"Case2","Sockeye","CU2_Sockeye","SpnForTrend_Wild",1998,"LongTrend",1.22,0.5,0.75,"Green","Abs_Abd"
"Case2","Sockeye","CU2_Sockeye","SpnForTrend_Wild",1999,"LongTrend",1.6,0.5,0.75,"Green","Abs_Abd"
"Case2","Sockeye","CU2_Sockeye","SpnForTrend_Wild",2000,"LongTrend",1.91,0.5,0.75,"Green","Abs_Abd"
"Case2","Sockeye","CU2_Sockeye","SpnForTrend_Wild",2001,"LongTrend",2.57,0.5,0.75,"Green","Abs_Abd"
"Case2","Sockeye","CU2_Sockeye","SpnForTrend_Wild",2002,"LongTrend",3.31,0.5,0.75,"Green","Abs_Abd"
"Case2","Sockeye","CU2_Sockeye","SpnForTrend_Wild",2003,"LongTrend",3.95,0.5,0.75,"Green","Abs_Abd"
"Case2","Sockeye","CU2_Sockeye","SpnForTrend_Wild",2004,"LongTrend",4.12,0.5,0.75,"Green","Abs_Abd"
"Case2","Sockeye","CU2_Sockeye","SpnForTrend_Wild",2005,"LongTrend",3.83,0.5,0.75,"Green","Abs_Abd"
"Case2","Sockeye","CU2_Sockeye","SpnForTrend_Wild",2006,"LongTrend",3.22,0.5,0.75,"Green","Abs_Abd"
"Case2","Sockeye","CU2_Sockeye","SpnForTrend_Wild",2007,"LongTrend",2.71,0.5,0.75,"Green","Abs_Abd"
"Case2","Sockeye","CU2_Sockeye","SpnForTrend_Wild",2008,"LongTrend",2.6,0.5,0.75,"Green","Abs_Abd"
"Case2","Sockeye","CU2_Sockeye","SpnForTrend_Wild",2009,"LongTrend",2.35,0.5,0.75,"Green","Abs_Abd"
"Case2","Sockeye","CU2_Sockeye","SpnForTrend_Wild",2010,"LongTrend",2.2,0.5,0.75,"Green","Abs_Abd"
"Case2","Sockeye","CU2_Sockeye","SpnForTrend_Wild",2011,"LongTrend",1.93,0.5,0.75,"Green","Abs_Abd"
"Case2","Sockeye","CU2_Sockeye","SpnForTrend_Wild",2012,"LongTrend",1.63,0.5,0.75,"Green","Abs_Abd"
"Case2","Sockeye","CU2_Sockeye","SpnForTrend_Wild",2013,"LongTrend",1.5,0.5,0.75,"Green","Abs_Abd"
"Case2","Sockeye","CU2_Sockeye","SpnForTrend_Wild",2014,"LongTrend",1.53,0.5,0.75,"Green","Abs_Abd"
"Case2","Sockeye","CU2_Sockeye","SpnForTrend_Wild",2015,"LongTrend",1.68,0.5,0.75,"Green","Abs_Abd"
"Case2","Sockeye","CU2_Sockeye","SpnForTrend_Wild",2016,"LongTrend",2.02,0.5,0.75,"Green","Abs_Abd"
"Case2","Sockeye","CU2_Sockeye","SpnForTrend_Wild",2017,"LongTrend",2.19,0.5,0.75,"Green","Abs_Abd"
"Case2","Sockeye","CU2_Sockeye","SpnForTrend_Wild",2018,"LongTrend",1.97,0.5,0.75,"Green","Abs_Abd"
"Case2","Sockeye","CU2_Sockeye","SpnForTrend_Wild",2019,"LongTrend",1.41,0.5,0.75,"Green","Abs_Abd"
"Case2","Sockeye","CU2_Sockeye","SpnForTrend_Wild",2020,"LongTrend",0.94,0.5,0.75,"Green","Abs_Abd"
"Case2","Sockeye","CU2_Sockeye","SpnForTrend_Wild",2021,"LongTrend",0.68,0.5,0.75,"Amber","Abs_Abd"
"Case2","Sockeye","CU2_Sockeye","SpnForTrend_Wild",2022,"LongTrend",0.54,0.5,0.75,"Amber","Abs_Abd"
"Case2","Sockeye","CU2_Sockeye","SpnForTrend_Wild",1995,"PercChange",-49.3992,-25,-15,"Red","Abs_Abd"
"Case2","Sockeye","CU2_Sockeye","SpnForTrend_Wild",1996,"PercChange",-35.1546,-25,-15,"Red","Abs_Abd"
"Case2","Sockeye","CU2_Sockeye","SpnForTrend_Wild",1997,"PercChange",-0.8681,-25,-15,"Green","Abs_Abd"
"Case2","Sockeye","CU2_Sockeye","SpnForTrend_Wild",1998,"PercChange",72.0387,-25,-15,"Green","Abs_Abd"
"Case2","Sockeye","CU2_Sockeye","SpnForTrend_Wild",1999,"PercChange",197.712,-25,-15,"Green","Abs_Abd"
"Case2","Sockeye","CU2_Sockeye","SpnForTrend_Wild",2000,"PercChange",401.9568,-25,-15,"Green","Abs_Abd"
"Case2","Sockeye","CU2_Sockeye","SpnForTrend_Wild",2001,"PercChange",796.6703,-25,-15,"Green","Abs_Abd"
"Case2","Sockeye","CU2_Sockeye","SpnForTrend_Wild",2002,"PercChange",1251.2536,-25,-15,"Green","Abs_Abd"
"Case2","Sockeye","CU2_Sockeye","SpnForTrend_Wild",2003,"PercChange",1508.1054,-25,-15,"Green","Abs_Abd"
"Case2","Sockeye","CU2_Sockeye","SpnForTrend_Wild",2004,"PercChange",1028.1032,-25,-15,"Green","Abs_Abd"
"Case2","Sockeye","CU2_Sockeye","SpnForTrend_Wild",2005,"PercChange",685.5045,-25,-15,"Green","Abs_Abd"
"Case2","Sockeye","CU2_Sockeye","SpnForTrend_Wild",2006,"PercChange",370.8913,-25,-15,"Green","Abs_Abd"
"Case2","Sockeye","CU2_Sockeye","SpnForTrend_Wild",2007,"PercChange",191.9903,-25,-15,"Green","Abs_Abd"
"Case2","Sockeye","CU2_Sockeye","SpnForTrend_Wild",2008,"PercChange",100.1899,-25,-15,"Green","Abs_Abd"
"Case2","Sockeye","CU2_Sockeye","SpnForTrend_Wild",2009,"PercChange",13.0488,-25,-15,"Green","Abs_Abd"
"Case2","Sockeye","CU2_Sockeye","SpnForTrend_Wild",2010,"PercChange",-28.7252,-25,-15,"Red","Abs_Abd"
"Case2","Sockeye","CU2_Sockeye","SpnForTrend_Wild",2011,"PercChange",-50.6371,-25,-15,"Red","Abs_Abd"
"Case2","Sockeye","CU2_Sockeye","SpnForTrend_Wild",2012,"PercChange",-66.4591,-25,-15,"Red","Abs_Abd"
"Case2","Sockeye","CU2_Sockeye","SpnForTrend_Wild",2013,"PercChange",-68.5753,-25,-15,"Red","Abs_Abd"
"Case2","Sockeye","CU2_Sockeye","SpnForTrend_Wild",2014,"PercChange",-59.8794,-25,-15,"Red","Abs_Abd"
"Case2","Sockeye","CU2_Sockeye","SpnForTrend_Wild",2015,"PercChange",-37.9344,-25,-15,"Red","Abs_Abd"
"Case2","Sockeye","CU2_Sockeye","SpnForTrend_Wild",2016,"PercChange",-16.948,-25,-15,"Amber","Abs_Abd"
"Case2","Sockeye","CU2_Sockeye","SpnForTrend_Wild",2017,"PercChange",-1.5152,-25,-15,"Green","Abs_Abd"
"Case2","Sockeye","CU2_Sockeye","SpnForTrend_Wild",2018,"PercChange",-12.7884,-25,-15,"Green","Abs_Abd"
"Case2","Sockeye","CU2_Sockeye","SpnForTrend_Wild",2019,"PercChange",-37.9728,-25,-15,"Red","Abs_Abd"
"Case2","Sockeye","CU2_Sockeye","SpnForTrend_Wild",2020,"PercChange",-53.2508,-25,-15,"Red","Abs_Abd"
"Case2","Sockeye","CU2_Sockeye","SpnForTrend_Wild",2021,"PercChange",-65.9201,-25,-15,"Red","Abs_Abd"
"Case2","Sockeye","CU2_Sockeye","SpnForTrend_Wild",2022,"PercChange",-74.1783,-25,-15,"Red","Abs_Abd"
"Case2","Sockeye","CU2_Sockeye","SpnForTrend_Wild",1995,"ProbDeclBelowLBM",92.0667,NA,NA,NA,"Abs_Abd"
"Case2","Sockeye","CU2_Sockeye","SpnForTrend_Wild",1996,"ProbDeclBelowLBM",67.1667,NA,NA,NA,"Abs_Abd"
"Case2","Sockeye","CU2_Sockeye","SpnForTrend_Wild",1997,"ProbDeclBelowLBM",22.4,NA,NA,NA,"Abs_Abd"
"Case2","Sockeye","CU2_Sockeye","SpnForTrend_Wild",1998,"ProbDeclBelowLBM",2.1667,NA,NA,NA,"Abs_Abd"
"Case2","Sockeye","CU2_Sockeye","SpnForTrend_Wild",1999,"ProbDeclBelowLBM",0.2667,NA,NA,NA,"Abs_Abd"
"Case2","Sockeye","CU2_Sockeye","SpnForTrend_Wild",2000,"ProbDeclBelowLBM",0,NA,NA,NA,"Abs_Abd"
"Case2","Sockeye","CU2_Sockeye","SpnForTrend_Wild",2001,"ProbDeclBelowLBM",0,NA,NA,NA,"Abs_Abd"
"Case2","Sockeye","CU2_Sockeye","SpnForTrend_Wild",2002,"ProbDeclBelowLBM",0,NA,NA,NA,"Abs_Abd"
"Case2","Sockeye","CU2_Sockeye","SpnForTrend_Wild",2003,"ProbDeclBelowLBM",0,NA,NA,NA,"Abs_Abd"
"Case2","Sockeye","CU2_Sockeye","SpnForTrend_Wild",2004,"ProbDeclBelowLBM",0,NA,NA,NA,"Abs_Abd"
"Case2","Sockeye","CU2_Sockeye","SpnForTrend_Wild",2005,"ProbDeclBelowLBM",0,NA,NA,NA,"Abs_Abd"
"Case2","Sockeye","CU2_Sockeye","SpnForTrend_Wild",2006,"ProbDeclBelowLBM",0,NA,NA,NA,"Abs_Abd"
"Case2","Sockeye","CU2_Sockeye","SpnForTrend_Wild",2007,"ProbDeclBelowLBM",0.1333,NA,NA,NA,"Abs_Abd"
"Case2","Sockeye","CU2_Sockeye","SpnForTrend_Wild",2008,"ProbDeclBelowLBM",0.7667,NA,NA,NA,"Abs_Abd"
"Case2","Sockeye","CU2_Sockeye","SpnForTrend_Wild",2009,"ProbDeclBelowLBM",12.5333,NA,NA,NA,"Abs_Abd"
"Case2","Sockeye","CU2_Sockeye","SpnForTrend_Wild",2010,"ProbDeclBelowLBM",57.6667,NA,NA,NA,"Abs_Abd"
"Case2","Sockeye","CU2_Sockeye","SpnForTrend_Wild",2011,"ProbDeclBelowLBM",94.4667,NA,NA,NA,"Abs_Abd"
"Case2","Sockeye","CU2_Sockeye","SpnForTrend_Wild",2012,"ProbDeclBelowLBM",100,NA,NA,NA,"Abs_Abd"
"Case2","Sockeye","CU2_Sockeye","SpnForTrend_Wild",2013,"ProbDeclBelowLBM",100,NA,NA,NA,"Abs_Abd"
"Case2","Sockeye","CU2_Sockeye","SpnForTrend_Wild",2014,"ProbDeclBelowLBM",99.6,NA,NA,NA,"Abs_Abd"
"Case2","Sockeye","CU2_Sockeye","SpnForTrend_Wild",2015,"ProbDeclBelowLBM",82,NA,NA,NA,"Abs_Abd"
"Case2","Sockeye","CU2_Sockeye","SpnForTrend_Wild",2016,"ProbDeclBelowLBM",35.3667,NA,NA,NA,"Abs_Abd"
"Case2","Sockeye","CU2_Sockeye","SpnForTrend_Wild",2017,"ProbDeclBelowLBM",14.8333,NA,NA,NA,"Abs_Abd"
"Case2","Sockeye","CU2_Sockeye","SpnForTrend_Wild",2018,"ProbDeclBelowLBM",28,NA,NA,NA,"Abs_Abd"
"Case2","Sockeye","CU2_Sockeye","SpnForTrend_Wild",2019,"ProbDeclBelowLBM",68.9667,NA,NA,NA,"Abs_Abd"
"Case2","Sockeye","CU2_Sockeye","SpnForTrend_Wild",2020,"ProbDeclBelowLBM",85.6,NA,NA,NA,"Abs_Abd"
"Case2","Sockeye","CU2_Sockeye","SpnForTrend_Wild",2021,"ProbDeclBelowLBM",94.7333,NA,NA,NA,"Abs_Abd"
"Case2","Sockeye","CU2_Sockeye","SpnForTrend_Wild",2022,"ProbDeclBelowLBM",98.1,NA,NA,NA,"Abs_Abd"
"Case2","Sockeye","CU2_Sockeye","SpnForTrend_Wild",1995,"Percentile",0.2093,0.25,0.5,"Red","Abs_Abd"
"Case2","Sockeye","CU2_Sockeye","SpnForTrend_Wild",1996,"Percentile",0.3864,0.25,0.5,"Amber","Abs_Abd"
"Case2","Sockeye","CU2_Sockeye","SpnForTrend_Wild",1997,"Percentile",0.5333,0.25,0.5,"Green","Abs_Abd"
"Case2","Sockeye","CU2_Sockeye","SpnForTrend_Wild",1998,"Percentile",0.6304,0.25,0.5,"Green","Abs_Abd"
"Case2","Sockeye","CU2_Sockeye","SpnForTrend_Wild",1999,"Percentile",0.7447,0.25,0.5,"Green","Abs_Abd"
"Case2","Sockeye","CU2_Sockeye","SpnForTrend_Wild",2000,"Percentile",0.7917,0.25,0.5,"Green","Abs_Abd"
"Case2","Sockeye","CU2_Sockeye","SpnForTrend_Wild",2001,"Percentile",0.9592,0.25,0.5,"Green","Abs_Abd"
"Case2","Sockeye","CU2_Sockeye","SpnForTrend_Wild",2002,"Percentile",0.96,0.25,0.5,"Green","Abs_Abd"
"Case2","Sockeye","CU2_Sockeye","SpnForTrend_Wild",2003,"Percentile",0.9608,0.25,0.5,"Green","Abs_Abd"
"Case2","Sockeye","CU2_Sockeye","SpnForTrend_Wild",2004,"Percentile",0.9615,0.25,0.5,"Green","Abs_Abd"
"Case2","Sockeye","CU2_Sockeye","SpnForTrend_Wild",2005,"Percentile",0.9623,0.25,0.5,"Green","Abs_Abd"
"Case2","Sockeye","CU2_Sockeye","SpnForTrend_Wild",2006,"Percentile",0.9444,0.25,0.5,"Green","Abs_Abd"
"Case2","Sockeye","CU2_Sockeye","SpnForTrend_Wild",2007,"Percentile",0.9091,0.25,0.5,"Green","Abs_Abd"
"Case2","Sockeye","CU2_Sockeye","SpnForTrend_Wild",2008,"Percentile",0.8929,0.25,0.5,"Green","Abs_Abd"
"Case2","Sockeye","CU2_Sockeye","SpnForTrend_Wild",2009,"Percentile",0.8772,0.25,0.5,"Green","Abs_Abd"
"Case2","Sockeye","CU2_Sockeye","SpnForTrend_Wild",2010,"Percentile",0.8621,0.25,0.5,"Green","Abs_Abd"
"Case2","Sockeye","CU2_Sockeye","SpnForTrend_Wild",2011,"Percentile",0.7966,0.25,0.5,"Green","Abs_Abd"
"Case2","Sockeye","CU2_Sockeye","SpnForTrend_Wild",2012,"Percentile",0.7167,0.25,0.5,"Green","Abs_Abd"
"Case2","Sockeye","CU2_Sockeye","SpnForTrend_Wild",2013,"Percentile",0.6557,0.25,0.5,"Green","Abs_Abd"
"Case2","Sockeye","CU2_Sockeye","SpnForTrend_Wild",2014,"Percentile",0.6613,0.25,0.5,"Green","Abs_Abd"
"Case2","Sockeye","CU2_Sockeye","SpnForTrend_Wild",2015,"Percentile",0.746,0.25,0.5,"Green","Abs_Abd"
"Case2","Sockeye","CU2_Sockeye","SpnForTrend_Wild",2016,"Percentile",0.8281,0.25,0.5,"Green","Abs_Abd"
"Case2","Sockeye","CU2_Sockeye","SpnForTrend_Wild",2017,"Percentile",0.8615,0.25,0.5,"Green","Abs_Abd"
"Case2","Sockeye","CU2_Sockeye","SpnForTrend_Wild",2018,"Percentile",0.8333,0.25,0.5,"Green","Abs_Abd"
"Case2","Sockeye","CU2_Sockeye","SpnForTrend_Wild",2019,"Percentile",0.6269,0.25,0.5,"Green","Abs_Abd"
"Case2","Sockeye","CU2_Sockeye","SpnForTrend_Wild",2020,"Percentile",0.4706,0.25,0.5,"Amber","Abs_Abd"
"Case2","Sockeye","CU2_Sockeye","SpnForTrend_Wild",2021,"Percentile",0.3623,0.25,0.5,"Amber","Abs_Abd"
"Case2","Sockeye","CU2_Sockeye","SpnForTrend_Wild",2022,"Percentile",0.2571,0.25,0.5,"Amber","Abs_Abd"
"Case3","Chinook","CU3_Chinook","SpnForTrend_Wild",1995,"LongTrend",1.04,0.5,0.75,"Green","Rel_Idx"
"Case3","Chinook","CU3_Chinook","SpnForTrend_Wild",1996,"LongTrend",1.26,0.5,0.75,"Green","Rel_Idx"
"Case3","Chinook","CU3_Chinook","SpnForTrend_Wild",1997,"LongTrend",1.72,0.5,0.75,"Green","Rel_Idx"
"Case3","Chinook","CU3_Chinook","SpnForTrend_Wild",1998,"LongTrend",3.13,0.5,0.75,"Green","Rel_Idx"
"Case3","Chinook","CU3_Chinook","SpnForTrend_Wild",1999,"LongTrend",3.75,0.5,0.75,"Green","Rel_Idx"
"Case3","Chinook","CU3_Chinook","SpnForTrend_Wild",2000,"LongTrend",3.07,0.5,0.75,"Green","Rel_Idx"
"Case3","Chinook","CU3_Chinook","SpnForTrend_Wild",2001,"LongTrend",3.02,0.5,0.75,"Green","Rel_Idx"
"Case3","Chinook","CU3_Chinook","SpnForTrend_Wild",2002,"LongTrend",2.71,0.5,0.75,"Green","Rel_Idx"
"Case3","Chinook","CU3_Chinook","SpnForTrend_Wild",2003,"LongTrend",3.23,0.5,0.75,"Green","Rel_Idx"
"Case3","Chinook","CU3_Chinook","SpnForTrend_Wild",2004,"LongTrend",3.87,0.5,0.75,"Green","Rel_Idx"
"Case3","Chinook","CU3_Chinook","SpnForTrend_Wild",2005,"LongTrend",4.26,0.5,0.75,"Green","Rel_Idx"
"Case3","Chinook","CU3_Chinook","SpnForTrend_Wild",2006,"LongTrend",4.87,0.5,0.75,"Green","Rel_Idx"
"Case3","Chinook","CU3_Chinook","SpnForTrend_Wild",2007,"LongTrend",4.94,0.5,0.75,"Green","Rel_Idx"
"Case3","Chinook","CU3_Chinook","SpnForTrend_Wild",2008,"LongTrend",5.57,0.5,0.75,"Green","Rel_Idx"
"Case3","Chinook","CU3_Chinook","SpnForTrend_Wild",2009,"LongTrend",5.08,0.5,0.75,"Green","Rel_Idx"
"Case3","Chinook","CU3_Chinook","SpnForTrend_Wild",2010,"LongTrend",4.43,0.5,0.75,"Green","Rel_Idx"
"Case3","Chinook","CU3_Chinook","SpnForTrend_Wild",2011,"LongTrend",4.95,0.5,0.75,"Green","Rel_Idx"
"Case3","Chinook","CU3_Chinook","SpnForTrend_Wild",2012,"LongTrend",4.24,0.5,0.75,"Green","Rel_Idx"
"Case3","Chinook","CU3_Chinook","SpnForTrend_Wild",2013,"LongTrend",4.49,0.5,0.75,"Green","Rel_Idx"
"Case3","Chinook","CU3_Chinook","SpnForTrend_Wild",2014,"LongTrend",3.65,0.5,0.75,"Green","Rel_Idx"
"Case3","Chinook","CU3_Chinook","SpnForTrend_Wild",2015,"LongTrend",3.64,0.5,0.75,"Green","Rel_Idx"
"Case3","Chinook","CU3_Chinook","SpnForTrend_Wild",2016,"LongTrend",4.13,0.5,0.75,"Green","Rel_Idx"
"Case3","Chinook","CU3_Chinook","SpnForTrend_Wild",2017,"LongTrend",3.78,0.5,0.75,"Green","Rel_Idx"
"Case3","Chinook","CU3_Chinook","SpnForTrend_Wild",2018,"LongTrend",3.46,0.5,0.75,"Green","Rel_Idx"
"Case3","Chinook","CU3_Chinook","SpnForTrend_Wild",2019,"LongTrend",3.39,0.5,0.75,"Green","Rel_Idx"
"Case3","Chinook","CU3_Chinook","SpnForTrend_Wild",2020,"LongTrend",4.26,0.5,0.75,"Green","Rel_Idx"
"Case3","Chinook","CU3_Chinook","SpnForTrend_Wild",2021,"LongTrend",4.91,0.5,0.75,"Green","Rel_Idx"
"Case3","Chinook","CU3_Chinook","SpnForTrend_Wild",2022,"LongTrend",6.19,0.5,0.75,"Green","Rel_Idx"
"Case3","Chinook","CU3_Chinook","SpnForTrend_Wild",2023,"LongTrend",8.22,0.5,0.75,"Green","Rel_Idx"
"Case3","Chinook","CU3_Chinook","SpnForTrend_Wild",1995,"PercChange",-31.9389,-25,-15,"Red","Rel_Idx"
"Case3","Chinook","CU3_Chinook","SpnForTrend_Wild",1996,"PercChange",9.8152,-25,-15,"Green","Rel_Idx"
"Case3","Chinook","CU3_Chinook","SpnForTrend_Wild",1997,"PercChange",88.5835,-25,-15,"Green","Rel_Idx"
"Case3","Chinook","CU3_Chinook","SpnForTrend_Wild",1998,"PercChange",258.4699,-25,-15,"Green","Rel_Idx"
"Case3","Chinook","CU3_Chinook","SpnForTrend_Wild",1999,"PercChange",295.409,-25,-15,"Green","Rel_Idx"
"Case3","Chinook","CU3_Chinook","SpnForTrend_Wild",2000,"PercChange",369.933,-25,-15,"Green","Rel_Idx"
"Case3","Chinook","CU3_Chinook","SpnForTrend_Wild",2001,"PercChange",608.2576,-25,-15,"Green","Rel_Idx"
"Case3","Chinook","CU3_Chinook","SpnForTrend_Wild",2002,"PercChange",598.0757,-25,-15,"Green","Rel_Idx"
"Case3","Chinook","CU3_Chinook","SpnForTrend_Wild",2003,"PercChange",592.2852,-25,-15,"Green","Rel_Idx"
"Case3","Chinook","CU3_Chinook","SpnForTrend_Wild",2004,"PercChange",596.5482,-25,-15,"Green","Rel_Idx"
"Case3","Chinook","CU3_Chinook","SpnForTrend_Wild",2005,"PercChange",566.4867,-25,-15,"Green","Rel_Idx"
"Case3","Chinook","CU3_Chinook","SpnForTrend_Wild",2006,"PercChange",380.1115,-25,-15,"Green","Rel_Idx"
"Case3","Chinook","CU3_Chinook","SpnForTrend_Wild",2007,"PercChange",169.4092,-25,-15,"Green","Rel_Idx"
"Case3","Chinook","CU3_Chinook","SpnForTrend_Wild",2008,"PercChange",203.6903,-25,-15,"Green","Rel_Idx"
"Case3","Chinook","CU3_Chinook","SpnForTrend_Wild",2009,"PercChange",191.1389,-25,-15,"Green","Rel_Idx"
"Case3","Chinook","CU3_Chinook","SpnForTrend_Wild",2010,"PercChange",317.243,-25,-15,"Green","Rel_Idx"
"Case3","Chinook","CU3_Chinook","SpnForTrend_Wild",2011,"PercChange",255.7607,-25,-15,"Green","Rel_Idx"
"Case3","Chinook","CU3_Chinook","SpnForTrend_Wild",2012,"PercChange",72.3854,-25,-15,"Green","Rel_Idx"
"Case3","Chinook","CU3_Chinook","SpnForTrend_Wild",2013,"PercChange",64.4555,-25,-15,"Green","Rel_Idx"
"Case3","Chinook","CU3_Chinook","SpnForTrend_Wild",2014,"PercChange",11.0146,-25,-15,"Green","Rel_Idx"
"Case3","Chinook","CU3_Chinook","SpnForTrend_Wild",2015,"PercChange",26.0597,-25,-15,"Green","Rel_Idx"
"Case3","Chinook","CU3_Chinook","SpnForTrend_Wild",2016,"PercChange",1.1796,-25,-15,"Green","Rel_Idx"
"Case3","Chinook","CU3_Chinook","SpnForTrend_Wild",2017,"PercChange",-0.3863,-25,-15,"Green","Rel_Idx"
"Case3","Chinook","CU3_Chinook","SpnForTrend_Wild",2018,"PercChange",-19.407,-25,-15,"Amber","Rel_Idx"
"Case3","Chinook","CU3_Chinook","SpnForTrend_Wild",2019,"PercChange",1.9424,-25,-15,"Green","Rel_Idx"
"Case3","Chinook","CU3_Chinook","SpnForTrend_Wild",2020,"PercChange",82.6958,-25,-15,"Green","Rel_Idx"
"Case3","Chinook","CU3_Chinook","SpnForTrend_Wild",2021,"PercChange",97.2063,-25,-15,"Green","Rel_Idx"
"Case3","Chinook","CU3_Chinook","SpnForTrend_Wild",2022,"PercChange",86.663,-25,-15,"Green","Rel_Idx"
"Case3","Chinook","CU3_Chinook","SpnForTrend_Wild",2023,"PercChange",360.7945,-25,-15,"Green","Rel_Idx"
"Case3","Chinook","CU3_Chinook","SpnForTrend_Wild",1995,"ProbDeclBelowLBM",60.0333,NA,NA,NA,"Rel_Idx"
"Case3","Chinook","CU3_Chinook","SpnForTrend_Wild",1996,"ProbDeclBelowLBM",23.6333,NA,NA,NA,"Rel_Idx"
"Case3","Chinook","CU3_Chinook","SpnForTrend_Wild",1997,"ProbDeclBelowLBM",7.2333,NA,NA,NA,"Rel_Idx"
"Case3","Chinook","CU3_Chinook","SpnForTrend_Wild",1998,"ProbDeclBelowLBM",2.8,NA,NA,NA,"Rel_Idx"
"Case3","Chinook","CU3_Chinook","SpnForTrend_Wild",1999,"ProbDeclBelowLBM",2.0333,NA,NA,NA,"Rel_Idx"
"Case3","Chinook","CU3_Chinook","SpnForTrend_Wild",2000,"ProbDeclBelowLBM",0.9333,NA,NA,NA,"Rel_Idx"
"Case3","Chinook","CU3_Chinook","SpnForTrend_Wild",2001,"ProbDeclBelowLBM",0.1333,NA,NA,NA,"Rel_Idx"
"Case3","Chinook","CU3_Chinook","SpnForTrend_Wild",2002,"ProbDeclBelowLBM",0.0333,NA,NA,NA,"Rel_Idx"
"Case3","Chinook","CU3_Chinook","SpnForTrend_Wild",2003,"ProbDeclBelowLBM",0.2,NA,NA,NA,"Rel_Idx"
"Case3","Chinook","CU3_Chinook","SpnForTrend_Wild",2004,"ProbDeclBelowLBM",0.2,NA,NA,NA,"Rel_Idx"
"Case3","Chinook","CU3_Chinook","SpnForTrend_Wild",2005,"ProbDeclBelowLBM",0.2333,NA,NA,NA,"Rel_Idx"
"Case3","Chinook","CU3_Chinook","SpnForTrend_Wild",2006,"ProbDeclBelowLBM",0.3,NA,NA,NA,"Rel_Idx"
"Case3","Chinook","CU3_Chinook","SpnForTrend_Wild",2007,"ProbDeclBelowLBM",0.5667,NA,NA,NA,"Rel_Idx"
"Case3","Chinook","CU3_Chinook","SpnForTrend_Wild",2008,"ProbDeclBelowLBM",0.3333,NA,NA,NA,"Rel_Idx"
"Case3","Chinook","CU3_Chinook","SpnForTrend_Wild",2009,"ProbDeclBelowLBM",0.5667,NA,NA,NA,"Rel_Idx"
"Case3","Chinook","CU3_Chinook","SpnForTrend_Wild",2010,"ProbDeclBelowLBM",0,NA,NA,NA,"Rel_Idx"
"Case3","Chinook","CU3_Chinook","SpnForTrend_Wild",2011,"ProbDeclBelowLBM",0.0667,NA,NA,NA,"Rel_Idx"
"Case3","Chinook","CU3_Chinook","SpnForTrend_Wild",2012,"ProbDeclBelowLBM",1.3,NA,NA,NA,"Rel_Idx"
"Case3","Chinook","CU3_Chinook","SpnForTrend_Wild",2013,"ProbDeclBelowLBM",1.7,NA,NA,NA,"Rel_Idx"
"Case3","Chinook","CU3_Chinook","SpnForTrend_Wild",2014,"ProbDeclBelowLBM",16.4667,NA,NA,NA,"Rel_Idx"
"Case3","Chinook","CU3_Chinook","SpnForTrend_Wild",2015,"ProbDeclBelowLBM",10.3667,NA,NA,NA,"Rel_Idx"
"Case3","Chinook","CU3_Chinook","SpnForTrend_Wild",2016,"ProbDeclBelowLBM",21.5,NA,NA,NA,"Rel_Idx"
"Case3","Chinook","CU3_Chinook","SpnForTrend_Wild",2017,"ProbDeclBelowLBM",23.4,NA,NA,NA,"Rel_Idx"
"Case3","Chinook","CU3_Chinook","SpnForTrend_Wild",2018,"ProbDeclBelowLBM",44.0333,NA,NA,NA,"Rel_Idx"
"Case3","Chinook","CU3_Chinook","SpnForTrend_Wild",2019,"ProbDeclBelowLBM",26.5667,NA,NA,NA,"Rel_Idx"
"Case3","Chinook","CU3_Chinook","SpnForTrend_Wild",2020,"ProbDeclBelowLBM",7.4667,NA,NA,NA,"Rel_Idx"
"Case3","Chinook","CU3_Chinook","SpnForTrend_Wild",2021,"ProbDeclBelowLBM",6,NA,NA,NA,"Rel_Idx"
"Case3","Chinook","CU3_Chinook","SpnForTrend_Wild",2022,"ProbDeclBelowLBM",7.5,NA,NA,NA,"Rel_Idx"
"Case3","Chinook","CU3_Chinook","SpnForTrend_Wild",2023,"ProbDeclBelowLBM",0.6667,NA,NA,NA,"Rel_Idx"
"Case3","Chinook","CU3_Chinook","SpnForTrend_Wild",1995,"Percentile",0.6667,0.25,0.5,"Green","Rel_Idx"
"Case3","Chinook","CU3_Chinook","SpnForTrend_Wild",1996,"Percentile",0.6316,0.25,0.5,"Green","Rel_Idx"
"Case3","Chinook","CU3_Chinook","SpnForTrend_Wild",1997,"Percentile",0.75,0.25,0.5,"Green","Rel_Idx"
"Case3","Chinook","CU3_Chinook","SpnForTrend_Wild",1998,"Percentile",0.9048,0.25,0.5,"Green","Rel_Idx"
"Case3","Chinook","CU3_Chinook","SpnForTrend_Wild",1999,"Percentile",0.9091,0.25,0.5,"Green","Rel_Idx"
"Case3","Chinook","CU3_Chinook","SpnForTrend_Wild",2000,"Percentile",0.8696,0.25,0.5,"Green","Rel_Idx"
"Case3","Chinook","CU3_Chinook","SpnForTrend_Wild",2001,"Percentile",0.9583,0.25,0.5,"Green","Rel_Idx"
"Case3","Chinook","CU3_Chinook","SpnForTrend_Wild",2002,"Percentile",0.96,0.25,0.5,"Green","Rel_Idx"
"Case3","Chinook","CU3_Chinook","SpnForTrend_Wild",2003,"Percentile",0.9231,0.25,0.5,"Green","Rel_Idx"
"Case3","Chinook","CU3_Chinook","SpnForTrend_Wild",2004,"Percentile",0.8889,0.25,0.5,"Green","Rel_Idx"
"Case3","Chinook","CU3_Chinook","SpnForTrend_Wild",2005,"Percentile",0.9286,0.25,0.5,"Green","Rel_Idx"
"Case3","Chinook","CU3_Chinook","SpnForTrend_Wild",2006,"Percentile",0.931,0.25,0.5,"Green","Rel_Idx"
"Case3","Chinook","CU3_Chinook","SpnForTrend_Wild",2007,"Percentile",0.9333,0.25,0.5,"Green","Rel_Idx"
"Case3","Chinook","CU3_Chinook","SpnForTrend_Wild",2008,"Percentile",0.9355,0.25,0.5,"Green","Rel_Idx"
"Case3","Chinook","CU3_Chinook","SpnForTrend_Wild",2009,"Percentile",0.9375,0.25,0.5,"Green","Rel_Idx"
"Case3","Chinook","CU3_Chinook","SpnForTrend_Wild",2010,"Percentile",0.9394,0.25,0.5,"Green","Rel_Idx"
"Case3","Chinook","CU3_Chinook","SpnForTrend_Wild",2011,"Percentile",0.9412,0.25,0.5,"Green","Rel_Idx"
"Case3","Chinook","CU3_Chinook","SpnForTrend_Wild",2012,"Percentile",0.9143,0.25,0.5,"Green","Rel_Idx"
"Case3","Chinook","CU3_Chinook","SpnForTrend_Wild",2013,"Percentile",0.8889,0.25,0.5,"Green","Rel_Idx"
"Case3","Chinook","CU3_Chinook","SpnForTrend_Wild",2014,"Percentile",0.8919,0.25,0.5,"Green","Rel_Idx"
"Case3","Chinook","CU3_Chinook","SpnForTrend_Wild",2015,"Percentile",0.8684,0.25,0.5,"Green","Rel_Idx"
"Case3","Chinook","CU3_Chinook","SpnForTrend_Wild",2016,"Percentile",0.8718,0.25,0.5,"Green","Rel_Idx"
"Case3","Chinook","CU3_Chinook","SpnForTrend_Wild",2017,"Percentile",0.85,0.25,0.5,"Green","Rel_Idx"
"Case3","Chinook","CU3_Chinook","SpnForTrend_Wild",2018,"Percentile",0.8537,0.25,0.5,"Green","Rel_Idx"
"Case3","Chinook","CU3_Chinook","SpnForTrend_Wild",2019,"Percentile",0.8571,0.25,0.5,"Green","Rel_Idx"
"Case3","Chinook","CU3_Chinook","SpnForTrend_Wild",2020,"Percentile",0.8837,0.25,0.5,"Green","Rel_Idx"
"Case3","Chinook","CU3_Chinook","SpnForTrend_Wild",2021,"Percentile",0.9545,0.25,0.5,"Green","Rel_Idx"
"Case3","Chinook","CU3_Chinook","SpnForTrend_Wild",2022,"Percentile",0.9556,0.25,0.5,"Green","Rel_Idx"
"Case3","Chinook","CU3_Chinook","SpnForTrend_Wild",2023,"Percentile",0.9565,0.25,0.5,"Green","Rel_Idx"
"Case4","Sockeye","CU4_Sockeye","SpnForTrend_Wild",1995,"LongTrend",6.9,0.5,0.75,"Green","Rel_Idx"
"Case4","Sockeye","CU4_Sockeye","SpnForTrend_Wild",1996,"LongTrend",6.94,0.5,0.75,"Green","Rel_Idx"
"Case4","Sockeye","CU4_Sockeye","SpnForTrend_Wild",1997,"LongTrend",6.35,0.5,0.75,"Green","Rel_Idx"
"Case4","Sockeye","CU4_Sockeye","SpnForTrend_Wild",1998,"LongTrend",7.34,0.5,0.75,"Green","Rel_Idx"
"Case4","Sockeye","CU4_Sockeye","SpnForTrend_Wild",1999,"LongTrend",6.85,0.5,0.75,"Green","Rel_Idx"
"Case4","Sockeye","CU4_Sockeye","SpnForTrend_Wild",2000,"LongTrend",8.87,0.5,0.75,"Green","Rel_Idx"
"Case4","Sockeye","CU4_Sockeye","SpnForTrend_Wild",2001,"LongTrend",12.37,0.5,0.75,"Green","Rel_Idx"
"Case4","Sockeye","CU4_Sockeye","SpnForTrend_Wild",2002,"LongTrend",11.83,0.5,0.75,"Green","Rel_Idx"
"Case4","Sockeye","CU4_Sockeye","SpnForTrend_Wild",2003,"LongTrend",18.7,0.5,0.75,"Green","Rel_Idx"
"Case4","Sockeye","CU4_Sockeye","SpnForTrend_Wild",2004,"LongTrend",28.69,0.5,0.75,"Green","Rel_Idx"
"Case4","Sockeye","CU4_Sockeye","SpnForTrend_Wild",2005,"LongTrend",34.04,0.5,0.75,"Green","Rel_Idx"
"Case4","Sockeye","CU4_Sockeye","SpnForTrend_Wild",2006,"LongTrend",33.69,0.5,0.75,"Green","Rel_Idx"
"Case4","Sockeye","CU4_Sockeye","SpnForTrend_Wild",2007,"LongTrend",29.47,0.5,0.75,"Green","Rel_Idx"
"Case4","Sockeye","CU4_Sockeye","SpnForTrend_Wild",2008,"LongTrend",23.07,0.5,0.75,"Green","Rel_Idx"
"Case4","Sockeye","CU4_Sockeye","SpnForTrend_Wild",2009,"LongTrend",16.82,0.5,0.75,"Green","Rel_Idx"
"Case4","Sockeye","CU4_Sockeye","SpnForTrend_Wild",2010,"LongTrend",13,0.5,0.75,"Green","Rel_Idx"
"Case4","Sockeye","CU4_Sockeye","SpnForTrend_Wild",2011,"LongTrend",9.55,0.5,0.75,"Green","Rel_Idx"
"Case4","Sockeye","CU4_Sockeye","SpnForTrend_Wild",2012,"LongTrend",9.53,0.5,0.75,"Green","Rel_Idx"
"Case4","Sockeye","CU4_Sockeye","SpnForTrend_Wild",2013,"LongTrend",8.82,0.5,0.75,"Green","Rel_Idx"
"Case4","Sockeye","CU4_Sockeye","SpnForTrend_Wild",2014,"LongTrend",8.09,0.5,0.75,"Green","Rel_Idx"
"Case4","Sockeye","CU4_Sockeye","SpnForTrend_Wild",2015,"LongTrend",8.53,0.5,0.75,"Green","Rel_Idx"
"Case4","Sockeye","CU4_Sockeye","SpnForTrend_Wild",2016,"LongTrend",8.39,0.5,0.75,"Green","Rel_Idx"
"Case4","Sockeye","CU4_Sockeye","SpnForTrend_Wild",2017,"LongTrend",7.85,0.5,0.75,"Green","Rel_Idx"
"Case4","Sockeye","CU4_Sockeye","SpnForTrend_Wild",2018,"LongTrend",7.18,0.5,0.75,"Green","Rel_Idx"
"Case4","Sockeye","CU4_Sockeye","SpnForTrend_Wild",2019,"LongTrend",4.87,0.5,0.75,"Green","Rel_Idx"
"Case4","Sockeye","CU4_Sockeye","SpnForTrend_Wild",2020,"LongTrend",2.62,0.5,0.75,"Green","Rel_Idx"
"Case4","Sockeye","CU4_Sockeye","SpnForTrend_Wild",2021,"LongTrend",1.33,0.5,0.75,"Green","Rel_Idx"
"Case4","Sockeye","CU4_Sockeye","SpnForTrend_Wild",2022,"LongTrend",0.71,0.5,0.75,"Amber","Rel_Idx"
"Case4","Sockeye","CU4_Sockeye","SpnForTrend_Wild",2023,"LongTrend",0.74,0.5,0.75,"Amber","Rel_Idx"
"Case4","Sockeye","CU4_Sockeye","SpnForTrend_Wild",1995,"PercChange",840.2151,-25,-15,"Green","Rel_Idx"
"Case4","Sockeye","CU4_Sockeye","SpnForTrend_Wild",1996,"PercChange",796.5661,-25,-15,"Green","Rel_Idx"
"Case4","Sockeye","CU4_Sockeye","SpnForTrend_Wild",1997,"PercChange",628.3039,-25,-15,"Green","Rel_Idx"
"Case4","Sockeye","CU4_Sockeye","SpnForTrend_Wild",1998,"PercChange",589.1502,-25,-15,"Green","Rel_Idx"
"Case4","Sockeye","CU4_Sockeye","SpnForTrend_Wild",1999,"PercChange",546.43,-25,-15,"Green","Rel_Idx"
"Case4","Sockeye","CU4_Sockeye","SpnForTrend_Wild",2000,"PercChange",551.5698,-25,-15,"Green","Rel_Idx"
"Case4","Sockeye","CU4_Sockeye","SpnForTrend_Wild",2001,"PercChange",588.7103,-25,-15,"Green","Rel_Idx"
"Case4","Sockeye","CU4_Sockeye","SpnForTrend_Wild",2002,"PercChange",539.6473,-25,-15,"Green","Rel_Idx"
"Case4","Sockeye","CU4_Sockeye","SpnForTrend_Wild",2003,"PercChange",671.1937,-25,-15,"Green","Rel_Idx"
"Case4","Sockeye","CU4_Sockeye","SpnForTrend_Wild",2004,"PercChange",915.671,-25,-15,"Green","Rel_Idx"
"Case4","Sockeye","CU4_Sockeye","SpnForTrend_Wild",2005,"PercChange",1457.4613,-25,-15,"Green","Rel_Idx"
"Case4","Sockeye","CU4_Sockeye","SpnForTrend_Wild",2006,"PercChange",1584.3413,-25,-15,"Green","Rel_Idx"
"Case4","Sockeye","CU4_Sockeye","SpnForTrend_Wild",2007,"PercChange",1239.7312,-25,-15,"Green","Rel_Idx"
"Case4","Sockeye","CU4_Sockeye","SpnForTrend_Wild",2008,"PercChange",605.4,-25,-15,"Green","Rel_Idx"
"Case4","Sockeye","CU4_Sockeye","SpnForTrend_Wild",2009,"PercChange",247.9537,-25,-15,"Green","Rel_Idx"
"Case4","Sockeye","CU4_Sockeye","SpnForTrend_Wild",2010,"PercChange",89.1868,-25,-15,"Green","Rel_Idx"
"Case4","Sockeye","CU4_Sockeye","SpnForTrend_Wild",2011,"PercChange",-3.5583,-25,-15,"Green","Rel_Idx"
"Case4","Sockeye","CU4_Sockeye","SpnForTrend_Wild",2012,"PercChange",-46.4714,-25,-15,"Red","Rel_Idx"
"Case4","Sockeye","CU4_Sockeye","SpnForTrend_Wild",2013,"PercChange",-64.844,-25,-15,"Red","Rel_Idx"
"Case4","Sockeye","CU4_Sockeye","SpnForTrend_Wild",2014,"PercChange",-74.3901,-25,-15,"Red","Rel_Idx"
"Case4","Sockeye","CU4_Sockeye","SpnForTrend_Wild",2015,"PercChange",-71.8907,-25,-15,"Red","Rel_Idx"
"Case4","Sockeye","CU4_Sockeye","SpnForTrend_Wild",2016,"PercChange",-61.5351,-25,-15,"Red","Rel_Idx"
"Case4","Sockeye","CU4_Sockeye","SpnForTrend_Wild",2017,"PercChange",-47.686,-25,-15,"Red","Rel_Idx"
"Case4","Sockeye","CU4_Sockeye","SpnForTrend_Wild",2018,"PercChange",-39.8766,-25,-15,"Red","Rel_Idx"
"Case4","Sockeye","CU4_Sockeye","SpnForTrend_Wild",2019,"PercChange",-59.5835,-25,-15,"Red","Rel_Idx"
"Case4","Sockeye","CU4_Sockeye","SpnForTrend_Wild",2020,"PercChange",-82.5169,-25,-15,"Red","Rel_Idx"
"Case4","Sockeye","CU4_Sockeye","SpnForTrend_Wild",2021,"PercChange",-91.7,-25,-15,"Red","Rel_Idx"
"Case4","Sockeye","CU4_Sockeye","SpnForTrend_Wild",2022,"PercChange",-95.3088,-25,-15,"Red","Rel_Idx"
"Case4","Sockeye","CU4_Sockeye","SpnForTrend_Wild",2023,"PercChange",-95.6094,-25,-15,"Red","Rel_Idx"
"Case4","Sockeye","CU4_Sockeye","SpnForTrend_Wild",1995,"ProbDeclBelowLBM",0,NA,NA,NA,"Rel_Idx"
"Case4","Sockeye","CU4_Sockeye","SpnForTrend_Wild",1996,"ProbDeclBelowLBM",0,NA,NA,NA,"Rel_Idx"
"Case4","Sockeye","CU4_Sockeye","SpnForTrend_Wild",1997,"ProbDeclBelowLBM",0,NA,NA,NA,"Rel_Idx"
"Case4","Sockeye","CU4_Sockeye","SpnForTrend_Wild",1998,"ProbDeclBelowLBM",0,NA,NA,NA,"Rel_Idx"
"Case4","Sockeye","CU4_Sockeye","SpnForTrend_Wild",1999,"ProbDeclBelowLBM",0,NA,NA,NA,"Rel_Idx"
"Case4","Sockeye","CU4_Sockeye","SpnForTrend_Wild",2000,"ProbDeclBelowLBM",0,NA,NA,NA,"Rel_Idx"
"Case4","Sockeye","CU4_Sockeye","SpnForTrend_Wild",2001,"ProbDeclBelowLBM",0,NA,NA,NA,"Rel_Idx"
"Case4","Sockeye","CU4_Sockeye","SpnForTrend_Wild",2002,"ProbDeclBelowLBM",0,NA,NA,NA,"Rel_Idx"
"Case4","Sockeye","CU4_Sockeye","SpnForTrend_Wild",2003,"ProbDeclBelowLBM",0,NA,NA,NA,"Rel_Idx"
"Case4","Sockeye","CU4_Sockeye","SpnForTrend_Wild",2004,"ProbDeclBelowLBM",0,NA,NA,NA,"Rel_Idx"
"Case4","Sockeye","CU4_Sockeye","SpnForTrend_Wild",2005,"ProbDeclBelowLBM",0,NA,NA,NA,"Rel_Idx"
"Case4","Sockeye","CU4_Sockeye","SpnForTrend_Wild",2006,"ProbDeclBelowLBM",0,NA,NA,NA,"Rel_Idx"
"Case4","Sockeye","CU4_Sockeye","SpnForTrend_Wild",2007,"ProbDeclBelowLBM",0,NA,NA,NA,"Rel_Idx"
"Case4","Sockeye","CU4_Sockeye","SpnForTrend_Wild",2008,"ProbDeclBelowLBM",0.0667,NA,NA,NA,"Rel_Idx"
"Case4","Sockeye","CU4_Sockeye","SpnForTrend_Wild",2009,"ProbDeclBelowLBM",0.8667,NA,NA,NA,"Rel_Idx"
"Case4","Sockeye","CU4_Sockeye","SpnForTrend_Wild",2010,"ProbDeclBelowLBM",6.6,NA,NA,NA,"Rel_Idx"
"Case4","Sockeye","CU4_Sockeye","SpnForTrend_Wild",2011,"ProbDeclBelowLBM",33.2667,NA,NA,NA,"Rel_Idx"
"Case4","Sockeye","CU4_Sockeye","SpnForTrend_Wild",2012,"ProbDeclBelowLBM",77.5667,NA,NA,NA,"Rel_Idx"
"Case4","Sockeye","CU4_Sockeye","SpnForTrend_Wild",2013,"ProbDeclBelowLBM",98.8667,NA,NA,NA,"Rel_Idx"
"Case4","Sockeye","CU4_Sockeye","SpnForTrend_Wild",2014,"ProbDeclBelowLBM",100,NA,NA,NA,"Rel_Idx"
"Case4","Sockeye","CU4_Sockeye","SpnForTrend_Wild",2015,"ProbDeclBelowLBM",99.9667,NA,NA,NA,"Rel_Idx"
"Case4","Sockeye","CU4_Sockeye","SpnForTrend_Wild",2016,"ProbDeclBelowLBM",99.1,NA,NA,NA,"Rel_Idx"
"Case4","Sockeye","CU4_Sockeye","SpnForTrend_Wild",2017,"ProbDeclBelowLBM",94.1333,NA,NA,NA,"Rel_Idx"
"Case4","Sockeye","CU4_Sockeye","SpnForTrend_Wild",2018,"ProbDeclBelowLBM",88.2333,NA,NA,NA,"Rel_Idx"
"Case4","Sockeye","CU4_Sockeye","SpnForTrend_Wild",2019,"ProbDeclBelowLBM",93.3667,NA,NA,NA,"Rel_Idx"
"Case4","Sockeye","CU4_Sockeye","SpnForTrend_Wild",2020,"ProbDeclBelowLBM",98.9667,NA,NA,NA,"Rel_Idx"
"Case4","Sockeye","CU4_Sockeye","SpnForTrend_Wild",2021,"ProbDeclBelowLBM",99.6333,NA,NA,NA,"Rel_Idx"
"Case4","Sockeye","CU4_Sockeye","SpnForTrend_Wild",2022,"ProbDeclBelowLBM",100,NA,NA,NA,"Rel_Idx"
"Case4","Sockeye","CU4_Sockeye","SpnForTrend_Wild",2023,"ProbDeclBelowLBM",99.9667,NA,NA,NA,"Rel_Idx"
"Case4","Sockeye","CU4_Sockeye","SpnForTrend_Wild",1995,"Percentile",0.9535,0.25,0.5,"Green","Rel_Idx"
"Case4","Sockeye","CU4_Sockeye","SpnForTrend_Wild",1996,"Percentile",0.9545,0.25,0.5,"Green","Rel_Idx"
"Case4","Sockeye","CU4_Sockeye","SpnForTrend_Wild",1997,"Percentile",0.9333,0.25,0.5,"Green","Rel_Idx"
"Case4","Sockeye","CU4_Sockeye","SpnForTrend_Wild",1998,"Percentile",0.9565,0.25,0.5,"Green","Rel_Idx"
"Case4","Sockeye","CU4_Sockeye","SpnForTrend_Wild",1999,"Percentile",0.9362,0.25,0.5,"Green","Rel_Idx"
"Case4","Sockeye","CU4_Sockeye","SpnForTrend_Wild",2000,"Percentile",0.9375,0.25,0.5,"Green","Rel_Idx"
"Case4","Sockeye","CU4_Sockeye","SpnForTrend_Wild",2001,"Percentile",0.9796,0.25,0.5,"Green","Rel_Idx"
"Case4","Sockeye","CU4_Sockeye","SpnForTrend_Wild",2002,"Percentile",0.96,0.25,0.5,"Green","Rel_Idx"
"Case4","Sockeye","CU4_Sockeye","SpnForTrend_Wild",2003,"Percentile",0.9608,0.25,0.5,"Green","Rel_Idx"
"Case4","Sockeye","CU4_Sockeye","SpnForTrend_Wild",2004,"Percentile",0.9615,0.25,0.5,"Green","Rel_Idx"
"Case4","Sockeye","CU4_Sockeye","SpnForTrend_Wild",2005,"Percentile",0.9434,0.25,0.5,"Green","Rel_Idx"
"Case4","Sockeye","CU4_Sockeye","SpnForTrend_Wild",2006,"Percentile",0.9815,0.25,0.5,"Green","Rel_Idx"
"Case4","Sockeye","CU4_Sockeye","SpnForTrend_Wild",2007,"Percentile",0.9636,0.25,0.5,"Green","Rel_Idx"
"Case4","Sockeye","CU4_Sockeye","SpnForTrend_Wild",2008,"Percentile",0.9107,0.25,0.5,"Green","Rel_Idx"
"Case4","Sockeye","CU4_Sockeye","SpnForTrend_Wild",2009,"Percentile",0.9123,0.25,0.5,"Green","Rel_Idx"
"Case4","Sockeye","CU4_Sockeye","SpnForTrend_Wild",2010,"Percentile",0.8966,0.25,0.5,"Green","Rel_Idx"
"Case4","Sockeye","CU4_Sockeye","SpnForTrend_Wild",2011,"Percentile",0.8644,0.25,0.5,"Green","Rel_Idx"
"Case4","Sockeye","CU4_Sockeye","SpnForTrend_Wild",2012,"Percentile",0.85,0.25,0.5,"Green","Rel_Idx"
"Case4","Sockeye","CU4_Sockeye","SpnForTrend_Wild",2013,"Percentile",0.8361,0.25,0.5,"Green","Rel_Idx"
"Case4","Sockeye","CU4_Sockeye","SpnForTrend_Wild",2014,"Percentile",0.8226,0.25,0.5,"Green","Rel_Idx"
"Case4","Sockeye","CU4_Sockeye","SpnForTrend_Wild",2015,"Percentile",0.8254,0.25,0.5,"Green","Rel_Idx"
"Case4","Sockeye","CU4_Sockeye","SpnForTrend_Wild",2016,"Percentile",0.8125,0.25,0.5,"Green","Rel_Idx"
"Case4","Sockeye","CU4_Sockeye","SpnForTrend_Wild",2017,"Percentile",0.8,0.25,0.5,"Green","Rel_Idx"
"Case4","Sockeye","CU4_Sockeye","SpnForTrend_Wild",2018,"Percentile",0.7727,0.25,0.5,"Green","Rel_Idx"
"Case4","Sockeye","CU4_Sockeye","SpnForTrend_Wild",2019,"Percentile",0.7313,0.25,0.5,"Green","Rel_Idx"
"Case4","Sockeye","CU4_Sockeye","SpnForTrend_Wild",2020,"Percentile",0.6765,0.25,0.5,"Green","Rel_Idx"
"Case4","Sockeye","CU4_Sockeye","SpnForTrend_Wild",2021,"Percentile",0.5942,0.25,0.5,"Green","Rel_Idx"
"Case4","Sockeye","CU4_Sockeye","SpnForTrend_Wild",2022,"Percentile",0.5714,0.25,0.5,"Green","Rel_Idx"
"Case4","Sockeye","CU4_Sockeye","SpnForTrend_Wild",2023,"Percentile",0.5211,0.25,0.5,"Green","Rel_Idx"
"Case5","Chinook","CU5_Chinook","SpnForTrend_Wild",1995,"LongTrend",NA,0.5,0.75,NA,"Abs_Abd"
"Case5","Chinook","CU5_Chinook","SpnForTrend_Wild",1996,"LongTrend",NA,0.5,0.75,NA,"Abs_Abd"
"Case5","Chinook","CU5_Chinook","SpnForTrend_Wild",1997,"LongTrend",NA,0.5,0.75,NA,"Abs_Abd"
"Case5","Chinook","CU5_Chinook","SpnForTrend_Wild",1998,"LongTrend",NA,0.5,0.75,NA,"Abs_Abd"
"Case5","Chinook","CU5_Chinook","SpnForTrend_Wild",1999,"LongTrend",NA,0.5,0.75,NA,"Abs_Abd"
"Case5","Chinook","CU5_Chinook","SpnForTrend_Wild",2000,"LongTrend",NA,0.5,0.75,NA,"Abs_Abd"
"Case5","Chinook","CU5_Chinook","SpnForTrend_Wild",2001,"LongTrend",NA,0.5,0.75,NA,"Abs_Abd"
"Case5","Chinook","CU5_Chinook","SpnForTrend_Wild",2002,"LongTrend",NA,0.5,0.75,NA,"Abs_Abd"
"Case5","Chinook","CU5_Chinook","SpnForTrend_Wild",2003,"LongTrend",NA,0.5,0.75,NA,"Abs_Abd"
"Case5","Chinook","CU5_Chinook","SpnForTrend_Wild",2004,"LongTrend",NA,0.5,0.75,NA,"Abs_Abd"
"Case5","Chinook","CU5_Chinook","SpnForTrend_Wild",2005,"LongTrend",NA,0.5,0.75,NA,"Abs_Abd"
"Case5","Chinook","CU5_Chinook","SpnForTrend_Wild",2006,"LongTrend",NA,0.5,0.75,NA,"Abs_Abd"
"Case5","Chinook","CU5_Chinook","SpnForTrend_Wild",2007,"LongTrend",NA,0.5,0.75,NA,"Abs_Abd"
"Case5","Chinook","CU5_Chinook","SpnForTrend_Wild",2008,"LongTrend",NA,0.5,0.75,NA,"Abs_Abd"
"Case5","Chinook","CU5_Chinook","SpnForTrend_Wild",2009,"LongTrend",NA,0.5,0.75,NA,"Abs_Abd"
"Case5","Chinook","CU5_Chinook","SpnForTrend_Wild",2010,"LongTrend",NA,0.5,0.75,NA,"Abs_Abd"
"Case5","Chinook","CU5_Chinook","SpnForTrend_Wild",2011,"LongTrend",NA,0.5,0.75,NA,"Abs_Abd"
"Case5","Chinook","CU5_Chinook","SpnForTrend_Wild",2012,"LongTrend",NA,0.5,0.75,NA,"Abs_Abd"
"Case5","Chinook","CU5_Chinook","SpnForTrend_Wild",2013,"LongTrend",NA,0.5,0.75,NA,"Abs_Abd"
"Case5","Chinook","CU5_Chinook","SpnForTrend_Wild",2014,"LongTrend",NA,0.5,0.75,NA,"Abs_Abd"
"Case5","Chinook","CU5_Chinook","SpnForTrend_Wild",2015,"LongTrend",NA,0.5,0.75,NA,"Abs_Abd"
"Case5","Chinook","CU5_Chinook","SpnForTrend_Wild",2016,"LongTrend",NA,0.5,0.75,NA,"Abs_Abd"
"Case5","Chinook","CU5_Chinook","SpnForTrend_Wild",2017,"LongTrend",NA,0.5,0.75,NA,"Abs_Abd"
"Case5","Chinook","CU5_Chinook","SpnForTrend_Wild",2018,"LongTrend",NA,0.5,0.75,NA,"Abs_Abd"
"Case5","Chinook","CU5_Chinook","SpnForTrend_Wild",2019,"LongTrend",NA,0.5,0.75,NA,"Abs_Abd"
"Case5","Chinook","CU5_Chinook","SpnForTrend_Wild",2020,"LongTrend",1.37,0.5,0.75,"Green","Abs_Abd"
"Case5","Chinook","CU5_Chinook","SpnForTrend_Wild",2021,"LongTrend",1.37,0.5,0.75,"Green","Abs_Abd"
"Case5","Chinook","CU5_Chinook","SpnForTrend_Wild",2022,"LongTrend",1.73,0.5,0.75,"Green","Abs_Abd"
"Case5","Chinook","CU5_Chinook","SpnForTrend_Wild",2023,"LongTrend",1.7,0.5,0.75,"Green","Abs_Abd"
"Case5","Chinook","CU5_Chinook","SpnForTrend_Wild",1995,"PercChange",NA,-25,-15,NA,"Abs_Abd"
"Case5","Chinook","CU5_Chinook","SpnForTrend_Wild",1996,"PercChange",NA,-25,-15,NA,"Abs_Abd"
"Case5","Chinook","CU5_Chinook","SpnForTrend_Wild",1997,"PercChange",NA,-25,-15,NA,"Abs_Abd"
"Case5","Chinook","CU5_Chinook","SpnForTrend_Wild",1998,"PercChange",NA,-25,-15,NA,"Abs_Abd"
"Case5","Chinook","CU5_Chinook","SpnForTrend_Wild",1999,"PercChange",NA,-25,-15,NA,"Abs_Abd"
"Case5","Chinook","CU5_Chinook","SpnForTrend_Wild",2000,"PercChange",NA,-25,-15,NA,"Abs_Abd"
"Case5","Chinook","CU5_Chinook","SpnForTrend_Wild",2001,"PercChange",NA,-25,-15,NA,"Abs_Abd"
"Case5","Chinook","CU5_Chinook","SpnForTrend_Wild",2002,"PercChange",NA,-25,-15,NA,"Abs_Abd"
"Case5","Chinook","CU5_Chinook","SpnForTrend_Wild",2003,"PercChange",NA,-25,-15,NA,"Abs_Abd"
"Case5","Chinook","CU5_Chinook","SpnForTrend_Wild",2004,"PercChange",NA,-25,-15,NA,"Abs_Abd"
"Case5","Chinook","CU5_Chinook","SpnForTrend_Wild",2005,"PercChange",NA,-25,-15,NA,"Abs_Abd"
"Case5","Chinook","CU5_Chinook","SpnForTrend_Wild",2006,"PercChange",NA,-25,-15,NA,"Abs_Abd"
"Case5","Chinook","CU5_Chinook","SpnForTrend_Wild",2007,"PercChange",NA,-25,-15,NA,"Abs_Abd"
"Case5","Chinook","CU5_Chinook","SpnForTrend_Wild",2008,"PercChange",NA,-25,-15,NA,"Abs_Abd"
"Case5","Chinook","CU5_Chinook","SpnForTrend_Wild",2009,"PercChange",NA,-25,-15,NA,"Abs_Abd"
"Case5","Chinook","CU5_Chinook","SpnForTrend_Wild",2010,"PercChange",NA,-25,-15,NA,"Abs_Abd"
"Case5","Chinook","CU5_Chinook","SpnForTrend_Wild",2011,"PercChange",NA,-25,-15,NA,"Abs_Abd"
"Case5","Chinook","CU5_Chinook","SpnForTrend_Wild",2012,"PercChange",NA,-25,-15,NA,"Abs_Abd"
"Case5","Chinook","CU5_Chinook","SpnForTrend_Wild",2013,"PercChange",NA,-25,-15,NA,"Abs_Abd"
"Case5","Chinook","CU5_Chinook","SpnForTrend_Wild",2014,"PercChange",NA,-25,-15,NA,"Abs_Abd"
"Case5","Chinook","CU5_Chinook","SpnForTrend_Wild",2015,"PercChange",NA,-25,-15,NA,"Abs_Abd"
"Case5","Chinook","CU5_Chinook","SpnForTrend_Wild",2016,"PercChange",NA,-25,-15,NA,"Abs_Abd"
"Case5","Chinook","CU5_Chinook","SpnForTrend_Wild",2017,"PercChange",462.6853,-25,-15,"Green","Abs_Abd"
"Case5","Chinook","CU5_Chinook","SpnForTrend_Wild",2018,"PercChange",441.9536,-25,-15,"Green","Abs_Abd"
"Case5","Chinook","CU5_Chinook","SpnForTrend_Wild",2019,"PercChange",239.5274,-25,-15,"Green","Abs_Abd"
"Case5","Chinook","CU5_Chinook","SpnForTrend_Wild",2020,"PercChange",369.1659,-25,-15,"Green","Abs_Abd"
"Case5","Chinook","CU5_Chinook","SpnForTrend_Wild",2021,"PercChange",345.7282,-25,-15,"Green","Abs_Abd"
"Case5","Chinook","CU5_Chinook","SpnForTrend_Wild",2022,"PercChange",78.2682,-25,-15,"Green","Abs_Abd"
"Case5","Chinook","CU5_Chinook","SpnForTrend_Wild",2023,"PercChange",-7.5003,-25,-15,"Green","Abs_Abd"
"Case5","Chinook","CU5_Chinook","SpnForTrend_Wild",1995,"ProbDeclBelowLBM",NA,NA,NA,NA,"Abs_Abd"
"Case5","Chinook","CU5_Chinook","SpnForTrend_Wild",1996,"ProbDeclBelowLBM",NA,NA,NA,NA,"Abs_Abd"
"Case5","Chinook","CU5_Chinook","SpnForTrend_Wild",1997,"ProbDeclBelowLBM",NA,NA,NA,NA,"Abs_Abd"
"Case5","Chinook","CU5_Chinook","SpnForTrend_Wild",1998,"ProbDeclBelowLBM",NA,NA,NA,NA,"Abs_Abd"
"Case5","Chinook","CU5_Chinook","SpnForTrend_Wild",1999,"ProbDeclBelowLBM",NA,NA,NA,NA,"Abs_Abd"
"Case5","Chinook","CU5_Chinook","SpnForTrend_Wild",2000,"ProbDeclBelowLBM",NA,NA,NA,NA,"Abs_Abd"
"Case5","Chinook","CU5_Chinook","SpnForTrend_Wild",2001,"ProbDeclBelowLBM",NA,NA,NA,NA,"Abs_Abd"
"Case5","Chinook","CU5_Chinook","SpnForTrend_Wild",2002,"ProbDeclBelowLBM",NA,NA,NA,NA,"Abs_Abd"
"Case5","Chinook","CU5_Chinook","SpnForTrend_Wild",2003,"ProbDeclBelowLBM",NA,NA,NA,NA,"Abs_Abd"
"Case5","Chinook","CU5_Chinook","SpnForTrend_Wild",2004,"ProbDeclBelowLBM",NA,NA,NA,NA,"Abs_Abd"
"Case5","Chinook","CU5_Chinook","SpnForTrend_Wild",2005,"ProbDeclBelowLBM",NA,NA,NA,NA,"Abs_Abd"
"Case5","Chinook","CU5_Chinook","SpnForTrend_Wild",2006,"ProbDeclBelowLBM",NA,NA,NA,NA,"Abs_Abd"
"Case5","Chinook","CU5_Chinook","SpnForTrend_Wild",2007,"ProbDeclBelowLBM",NA,NA,NA,NA,"Abs_Abd"
"Case5","Chinook","CU5_Chinook","SpnForTrend_Wild",2008,"ProbDeclBelowLBM",NA,NA,NA,NA,"Abs_Abd"
"Case5","Chinook","CU5_Chinook","SpnForTrend_Wild",2009,"ProbDeclBelowLBM",NA,NA,NA,NA,"Abs_Abd"
"Case5","Chinook","CU5_Chinook","SpnForTrend_Wild",2010,"ProbDeclBelowLBM",NA,NA,NA,NA,"Abs_Abd"
"Case5","Chinook","CU5_Chinook","SpnForTrend_Wild",2011,"ProbDeclBelowLBM",NA,NA,NA,NA,"Abs_Abd"
"Case5","Chinook","CU5_Chinook","SpnForTrend_Wild",2012,"ProbDeclBelowLBM",NA,NA,NA,NA,"Abs_Abd"
"Case5","Chinook","CU5_Chinook","SpnForTrend_Wild",2013,"ProbDeclBelowLBM",NA,NA,NA,NA,"Abs_Abd"
"Case5","Chinook","CU5_Chinook","SpnForTrend_Wild",2014,"ProbDeclBelowLBM",NA,NA,NA,NA,"Abs_Abd"
"Case5","Chinook","CU5_Chinook","SpnForTrend_Wild",2015,"ProbDeclBelowLBM",NA,NA,NA,NA,"Abs_Abd"
"Case5","Chinook","CU5_Chinook","SpnForTrend_Wild",2016,"ProbDeclBelowLBM",NA,NA,NA,NA,"Abs_Abd"
"Case5","Chinook","CU5_Chinook","SpnForTrend_Wild",2017,"ProbDeclBelowLBM",0.6667,NA,NA,NA,"Abs_Abd"
"Case5","Chinook","CU5_Chinook","SpnForTrend_Wild",2018,"ProbDeclBelowLBM",0.5667,NA,NA,NA,"Abs_Abd"
"Case5","Chinook","CU5_Chinook","SpnForTrend_Wild",2019,"ProbDeclBelowLBM",3.1667,NA,NA,NA,"Abs_Abd"
"Case5","Chinook","CU5_Chinook","SpnForTrend_Wild",2020,"ProbDeclBelowLBM",1.7333,NA,NA,NA,"Abs_Abd"
"Case5","Chinook","CU5_Chinook","SpnForTrend_Wild",2021,"ProbDeclBelowLBM",2.0667,NA,NA,NA,"Abs_Abd"
"Case5","Chinook","CU5_Chinook","SpnForTrend_Wild",2022,"ProbDeclBelowLBM",11.3333,NA,NA,NA,"Abs_Abd"
"Case5","Chinook","CU5_Chinook","SpnForTrend_Wild",2023,"ProbDeclBelowLBM",39.5333,NA,NA,NA,"Abs_Abd"
"Case5","Chinook","CU5_Chinook","SpnForTrend_Wild",1995,"Percentile",NA,0.25,0.5,NA,"Abs_Abd"
"Case5","Chinook","CU5_Chinook","SpnForTrend_Wild",1996,"Percentile",NA,0.25,0.5,NA,"Abs_Abd"
"Case5","Chinook","CU5_Chinook","SpnForTrend_Wild",1997,"Percentile",NA,0.25,0.5,NA,"Abs_Abd"
"Case5","Chinook","CU5_Chinook","SpnForTrend_Wild",1998,"Percentile",NA,0.25,0.5,NA,"Abs_Abd"
"Case5","Chinook","CU5_Chinook","SpnForTrend_Wild",1999,"Percentile",NA,0.25,0.5,NA,"Abs_Abd"
"Case5","Chinook","CU5_Chinook","SpnForTrend_Wild",2000,"Percentile",NA,0.25,0.5,NA,"Abs_Abd"
"Case5","Chinook","CU5_Chinook","SpnForTrend_Wild",2001,"Percentile",NA,0.25,0.5,NA,"Abs_Abd"
"Case5","Chinook","CU5_Chinook","SpnForTrend_Wild",2002,"Percentile",NA,0.25,0.5,NA,"Abs_Abd"
"Case5","Chinook","CU5_Chinook","SpnForTrend_Wild",2003,"Percentile",NA,0.25,0.5,NA,"Abs_Abd"
"Case5","Chinook","CU5_Chinook","SpnForTrend_Wild",2004,"Percentile",NA,0.25,0.5,NA,"Abs_Abd"
"Case5","Chinook","CU5_Chinook","SpnForTrend_Wild",2005,"Percentile",NA,0.25,0.5,NA,"Abs_Abd"
"Case5","Chinook","CU5_Chinook","SpnForTrend_Wild",2006,"Percentile",NA,0.25,0.5,NA,"Abs_Abd"
"Case5","Chinook","CU5_Chinook","SpnForTrend_Wild",2007,"Percentile",NA,0.25,0.5,NA,"Abs_Abd"
"Case5","Chinook","CU5_Chinook","SpnForTrend_Wild",2008,"Percentile",NA,0.25,0.5,NA,"Abs_Abd"
"Case5","Chinook","CU5_Chinook","SpnForTrend_Wild",2009,"Percentile",NA,0.25,0.5,NA,"Abs_Abd"
"Case5","Chinook","CU5_Chinook","SpnForTrend_Wild",2010,"Percentile",NA,0.25,0.5,NA,"Abs_Abd"
"Case5","Chinook","CU5_Chinook","SpnForTrend_Wild",2011,"Percentile",NA,0.25,0.5,NA,"Abs_Abd"
"Case5","Chinook","CU5_Chinook","SpnForTrend_Wild",2012,"Percentile",NA,0.25,0.5,NA,"Abs_Abd"
"Case5","Chinook","CU5_Chinook","SpnForTrend_Wild",2013,"Percentile",NA,0.25,0.5,NA,"Abs_Abd"
"Case5","Chinook","CU5_Chinook","SpnForTrend_Wild",2014,"Percentile",NA,0.25,0.5,NA,"Abs_Abd"
"Case5","Chinook","CU5_Chinook","SpnForTrend_Wild",2015,"Percentile",NA,0.25,0.5,NA,"Abs_Abd"
"Case5","Chinook","CU5_Chinook","SpnForTrend_Wild",2016,"Percentile",NA,0.25,0.5,NA,"Abs_Abd"
"Case5","Chinook","CU5_Chinook","SpnForTrend_Wild",2017,"Percentile",NA,0.25,0.5,NA,"Abs_Abd"
"Case5","Chinook","CU5_Chinook","SpnForTrend_Wild",2018,"Percentile",NA,0.25,0.5,NA,"Abs_Abd"
"Case5","Chinook","CU5_Chinook","SpnForTrend_Wild",2019,"Percentile",NA,0.25,0.5,NA,"Abs_Abd"
"Case5","Chinook","CU5_Chinook","SpnForTrend_Wild",2020,"Percentile",NA,0.25,0.5,NA,"Abs_Abd"
"Case5","Chinook","CU5_Chinook","SpnForTrend_Wild",2021,"Percentile",NA,0.25,0.5,NA,"Abs_Abd"
"Case5","Chinook","CU5_Chinook","SpnForTrend_Wild",2022,"Percentile",NA,0.25,0.5,NA,"Abs_Abd"
"Case5","Chinook","CU5_Chinook","SpnForTrend_Wild",2023,"Percentile",0.7333,0.25,0.5,"Green","Abs_Abd"
